IPC,摘要,專利範圍
H04N 19/513(2014.01),提供了一種使用隱式信令進行多通道解碼器端運動向量細化（MP-DMVR）的視頻編解碼系統。視頻解碼器接收作為視頻的當前圖片的當前塊的要編碼或解碼的像素塊的資料。當前塊與參考第一初始預測子的第一運動向量和參考第二初始預測子的第二運動向量相關聯。視頻解碼器分別根據第一、第二和第三細化模式細化第一和第二運動向量以最小化第一、第二和第三成本。視頻編碼器基於第一、第二和第三成本的比較來選擇細化模式。視頻解碼器通過使用所選擇的細化模式來對當前塊進行編碼或解碼，以修改第一運動向量和第二運動向量以重構當前塊。,1.一種視頻編碼方法，包括：接收作為視頻的當前圖片的當前塊的要編碼或解碼的像素塊的資料，該當前塊與參考第一參考圖片中的第一初始預測子的第一運動向量和參考第二參考圖片中的第二初始預測子的第二運動向量相關聯。；分別根據第一、第二和第三細化模式細化該第一和第二運動向量以最小化第一、第二和第三成本；基於該第一、第二和第三最小化成本的比較來選擇細化模式；以及通過使用選擇的細化模式對該當前塊進行編碼或解碼，以修改用於重構該當前塊的第一運動向量和第二運動向量。
H04N 19/523(2014.01),本申請公開一種圖像解碼方法、編碼方法及裝置。該圖像解碼方法包括：根據第一像素點的預測方式，確定第一像素點的預測殘差值；預測殘差值用於反映第一像素點的梯度；預測方式用於指示對像素點進行預測時參考的已重建像素點的位置；第一像素點為當前編碼塊中的任意一個像素點；根據第一像素點的預測殘差值，確定第一像素點的目標量化參數QP值；根據第一像素點的目標QP值，對第一像素點進行反量化。,1.一種圖像解碼方法，所述方法由解碼端執行；所述方法包括：根據第一像素點的預測方式，確定所述第一像素點的預測殘差值；所述預測殘差值用於反映所述第一像素點的梯度；所述預測方式用於指示對像素點進行預測時參考的已重建像素點的位置；所述第一像素點為當前編碼塊中的任意一個像素點；根據所述第一像素點的預測殘差值，確定所述第一像素點的目標量化參數（QP）值；根據所述第一像素點的目標QP值，對所述第一像素點進行反量化。
H04N 19/103(2014.01),提供一種使用基於複數個梯度直方圖(HoG)的解碼器側幀內模式導出(DIMD)的視訊編解碼方法。視訊編解碼器接收待編碼或解碼的資料作為視訊的當前圖片的當前區塊。視訊編解碼器導出針對不同幀內預測角度的複數個梯度直方圖，其中不同的梯度直方圖是基於與當前區塊相鄰的不同組重建像素來導出。視訊編解碼器從複數個梯度直方圖中選擇一梯度直方圖。視訊編解碼器基於所選擇的梯度直方圖識別一或多個幀內預測模式。視訊編解碼器基於所識別的一或多個幀內預測模式產生當前區塊的幀內預測。視訊編解碼器使用所產生的幀內預測對當前區塊進行編碼或解碼。        。      ,1.一種視訊編解碼方法，包括：接收待編碼或解碼的資料作為視訊的當前圖片的當前區塊；導出針對不同幀內預測角度的複數個梯度直方圖，其中不同的梯度直方圖是基於與該當前區塊相鄰的不同組重建像素來導出；從該複數個梯度直方圖中選擇一梯度直方圖；基於所選擇的該梯度直方圖識別一或多個幀內預測模式；基於所識別的該一或多個幀內預測模式產生該當前區塊的幀內預測；以及使用所產生的該幀內預測對該當前區塊進行編碼或解碼。
G09G 3/32(2016.01),本發明提供一種調整電源管理晶片的輸出電訊號的方法、屏驅動板和電子設備。方法包括獲取顯示在顯示模組上的畫面的顯示畫面源資料，顯示畫面源資料至少包括每一個像素點的像素值；根據顯示畫面源資料調整電源管理晶片的輸出電訊號，輸出電訊號用於為屏幕相關結構供電，屏幕相關結構包括屏驅動板、發光結構和電平轉換晶片中的至少之一。藉由獲取顯示在顯示模組上的畫面的顯示畫面源資料，然後根據顯示畫面源資料調整電源管理晶片的輸出電訊號，以實現對電源管理晶片的輸出電訊號的適應性的調整，相對於輸出固定的電訊號的方案，降低功耗。,1.一種調整電源管理晶片的輸出電訊號的方法，其包括以下步驟：獲取顯示在顯示模組上的畫面的顯示畫面源資料，所述顯示畫面源資料至少包括每一個像素點的像素值；根據所述顯示畫面源資料調整所述電源管理晶片的輸出電訊號，所述輸出電訊號用於為屏幕相關結構供電，所述屏幕相關結構包括屏驅動板、發光結構和電平轉換晶片中的至少之一。
H04N 5/369(2011.01),提供一種固體攝像裝置、固體攝像裝置的驅動方法、以及電子設備，能夠任意選擇RS及GS的像素動作模式，並且能夠根據場景切換讀取轉換增益不同的訊號的轉換增益讀取模式，能夠最小化在HCG訊號和LCG訊號的耦合點處的SNR的下降，並實現大飽和及小暗噪聲。在固體攝像裝置10中，矩陣狀地配置在像素部20的像素200包括光電轉換讀取部210，具備捲簾快門（RS）的動作功能和全局快門（GS）的動作功能，能夠任意選擇RS及GS的像素動作模式，而且，能夠根據場景切換讀取轉換增益不同的訊號的轉換增益讀取模式。,1.一種固體攝像裝置，其特徵在於，具有：像素部，包括光電轉換讀取部，並配置有像素，所述像素能夠以捲簾快門模式及全局快門模式進行動作；以及讀取部，從所述像素部讀取像素訊號，所述光電轉換讀取部包括：光電轉換元件，在存儲期間存儲由光電轉換所?生的電荷；傳輸元件，能夠在所述存儲期間之後的傳輸期間傳輸存儲在所述光電轉換元件的電荷；浮置擴散層，通過所述傳輸元件傳輸由所述光電轉換元件存儲的電荷；以及轉換訊號讀取部，能夠以第一轉換增益讀取模式及第二轉換增益讀取模式進行動作，根據轉換增益放大並輸出轉換後的電壓訊號，所述第一轉換增益讀取模式能夠讀取與至少一個轉換增益對應的訊號，所述至少一個轉換增益與所述浮置擴散層的電容以及第一電容相關聯，所述第二轉換增益讀取模式能夠讀取與至少一個轉換增益對應的訊號，所述至少一個轉換增益與所述浮置擴散層的電容、所述第一電容以及第二電容相關聯，所述讀取部能夠根據場景來切換是否以所述第一轉換增益讀取模式及所述第二轉換增益讀取模式進行動作。
G06F 13/14(2006.01),一種設備切換盒，與複數終端電子設備連接，也與一個或複數周邊裝置連接，該設備切換盒包括註冊模組、監聽模組以及切換模組。註冊模組用於為註冊的終端電子設備分配專屬連接頻率及專屬切換熱鍵等資訊，監聽模組用於監聽周邊裝置上是否觸發一個專屬切換熱鍵，切換模組用於切斷設備切換盒與當前終電子設備的連接，讓設備切換盒與另一終端電子設備以另一終端電子設備的專屬連接頻率連接。本發明還提供一種共用周邊裝置的方法。 ,1.一種設備切換盒，與周邊裝置及複數終端電子設備連接，該設備切換盒在該等終端電子設備間進行切換以實現共用該周邊裝置，該設備切換盒包括：註冊模組，用於接收該等終端電子設備的註冊，為該等終端電子設備分配各自的專屬連接頻率以及周邊裝置專屬切換熱鍵，其中，該專屬切換熱鍵對應使用者在周邊裝置上的操作；監聽模組，用於監聽使用者在該周邊裝置上的操作，當監聽到一個專屬切換熱鍵被觸發時，發出設備切換命令；及切換模組，用於當接收到該設備切換命令時，切斷該設備切換盒與當前終端電子設備的連接，再與當前被觸發的專屬切換熱鍵對應的另一終端電子設備以該另一終端電子設備的專屬連接頻率建立連接。
H04B 15/02(2006.01),一種消除行動裝置干擾信號的方法。根據行動裝置之通訊信號所形成之原始通訊信號波形產生包含複數個信號音框之至少一組信號音框。利用差分計算方式取得每一個信號音框的差分信號波形，並從中取得正負脈衝峰值。經由判斷每一個差分信號的負脈衝峰值是否不小於正脈衝峰值的預設倍率來判別前述差分信號波形是否為干擾信號。當判別為干擾信號，根據正負脈衝峰值的波谷位置來定位要消除的信號干擾區段。根據所有定位出的信號干擾區段產生干擾補償波形，並且根據該干擾補償波形消除原始通訊信號中的雜訊。重複上述操作以處理下一組信號音框，直到所有信號音框處理完成為止。 ,1.一種消除行動裝置干擾信號的方法，適用於一電子設備，該方法包括下列步驟：取得該行動裝置之複數個通訊信號，並且將基於該些通訊信號所形成之一信號波形音框化，以產生至少一組信號音框，其中該組信號音框包括至少一第一信號音框與一第二第一信號音框；計算該第一信號音框的差分信號波形以產生一第一差分正脈衝峰值；計算該第二信號音框的差分信號波形以產生一第二差分正脈衝峰值；計算該第一與第二差分正脈衝峰值之一差分平均值，並且取該差分平均值之一第一倍率以得到一差分門檻值；判斷該第一差分正脈衝峰值是否小於該差分門檻值；若該第一差分正脈衝峰值不小於該差分門檻值，則判斷相距該第一差分正脈衝峰值一預設時間長度之一第一目標時間點是否產生一第一差分負脈衝峰值；若在該目標時間點產生該第一差分負脈衝峰值，判斷該第一差分負脈衝峰值是否小於該第一差分正脈衝峰值之一第二倍率；若該第一差分負脈衝峰值不小於該第一差分正脈衝峰值之該第二倍率，則根據該第一差分正脈衝峰值的波谷位置與該第一差分負脈衝峰值的波谷位置定位出一第一信號干擾區段；計算對應該第一信號干擾區段之一第一補償波形；判斷該第二差分正脈衝峰值是否小於該差分門檻值；若該第二差分正脈衝峰值不小於該差分門檻值，則判斷相距該第二差分正脈衝峰值該預設時間長度之一第二目標時間點是否產生一第二差分負脈衝峰值；若在該目標時間點產生該第二差分負脈衝峰值，判斷該第二差分負脈衝峰值是否小於該第二差分正脈衝峰值之該第二倍率；若該第二差分負脈衝峰值不小於該第二差分正脈衝峰值之該第二倍率，則根據該第二差分正脈衝峰值的波谷位置與該第二差分負脈衝峰值的波谷位置定位出一第二信號干擾區段；計算對應該第二信號干擾區段之一第二補償波形；以及根據該第一與第二補償波形產生一完整干擾補償波形，並且根據該完整干擾補償波形消除該些通訊信號之該信號波形的干擾信號。
H04B 15/02(2006.01),一種消除行動裝置干擾信號的方法。根據行動裝置之通訊信號所形成之原始通訊信號波形產生複數個信號音框。利用差分計算方式取得每一個信號音框的差分信號波形，並從中取得正負脈衝峰值。經由判斷每一個差分信號的負脈衝峰值是否不小於正脈衝峰值之一預設倍率來判別前述差分信號波形是否為干擾信號。當判別為干擾信號，根據正負脈衝峰值的波谷位置來定位要消除的信號干擾區段。根據所有定位出的信號干擾區段產生干擾補償波形，並且根據該干擾補償波形消除原始通訊信號中的雜訊。 ,1.一種消除行動裝置干擾信號的方法，適用於一電子設備，該方法包括下列步驟：取得該行動裝置之複數個通訊信號，並且將基於該些通訊信號所形成之一信號波形音框化，以產生複數個信號音框；計算一第一信號音框的差分信號波形以產生一第一差分正脈衝峰值；判斷該第一差分正脈衝峰值是否小於一預設差分門檻值；若該第一差分正脈衝峰值不小於該預設差分門檻值，則判斷相距該第一差分正脈衝峰值一預設時間長度之一目標時間點是否產生一第一差分負脈衝峰值；若在該目標時間點產生該第一差分負脈衝峰值，判斷該第一差分負脈衝峰值是否小於該第一差分正脈衝峰值之一預設倍率；若該第一差分負脈衝峰值不小於該第一差分正脈衝峰值之該預設倍率，則根據該第一差分正脈衝峰值的波谷位置與該第一差分負脈衝峰值的波谷位置定位出至少一第一信號干擾區段；計算對應該第一信號干擾區段之一第一補償波形；重複執行上述步驟以處理完所有信號音框，以取得對應每一信號音框之複數補償波形；根據該些補償波形產生一完整干擾補償波形，並且根據該完整干擾補償波形消除該些通訊信號之該信號波形的干擾信號。
G06F 3/02(2006.01),本發明係一種無電源之無線鍵盤，其包含有一與攜帶式電子設備進行阻抗匹配以獲得電源之匹配單元；一與匹配單元連接之電流處理單元，可將獲得之電源進行整流；一連接匹配單元與電流處理單元之無線溝通介面，可於取得電源後，與攜帶式電子設備進行交握溝通；以及一連接電流處理單元與無線溝通介面之鍵盤處理單元，可於取得電源且與攜帶式電子設備進行交握溝通後，執行輸入之動作。藉此，可令鍵盤使用攜帶式電子設備之電源，而鍵盤本體不須自備電源，如此得以顯著縮減鍵盤之體積，且於產製時，可達到輕薄小巧、方便折疊攜帶及具環保再生之功效。,1.一種無電源之無線鍵盤，其包含有：一匹配單元，可供與攜帶式電子設備進行阻抗匹配以獲得電源；一電流處理單元，係與匹配單元連接，可將獲得之電源進行整流；一無線溝通介面，係連接匹配單元與電流處理單元，可於取得電源後，與攜帶式電子設備進行交握溝通；以及一鍵盤處理單元，係連接電流處理單元與無線溝通介面，可於取得電源且與攜帶式電子設備進行交握溝通後，執行輸入之動作。
G08G 1/00(2006.01),本發明提供行車管理系統、行車記錄裝置和管理方法。行車管理系統包括：車輛上裝載的行車記錄裝置；車輛運行時人攜帶的可攜式電子設備；以及設置在任意場所的資訊處理裝置，行車記錄裝置包括：取得有關車輛運行的運行資訊的資訊取得部；以及向可攜式電子設備發送運行資訊的第一近距離通訊部，可攜式電子設備包括：儲存運行資訊的第一儲存部；將第一儲存部中儲存的運行資訊用近距離通訊向資訊處理裝置發送的第二近距離通訊部，資訊處理裝置包括：儲存運行資訊的第二儲存部；以及處理第二儲存部中儲存的運行資訊的控制部。,1.一種行車管理系統，包括：裝載在車輛上的行車記錄裝置；人在車輛運行時攜帶的可?式電子設備；以及設置在任意的場所的資訊處理裝置，所述行車管理系統的特徵在於，所述行車記錄裝置包括：取得有關所述車輛運行的運行資訊的資訊取得部；以及將所述運行資訊利用近距離通訊向所述可?式電子設備發送的第一近距離通訊部，所述可?式電子設備包括：儲存從所述行車記錄裝置發送的所述運行資訊的第一儲存部；以及將所述第一儲存部中儲存的所述運行資訊利用近距離通訊向所述資訊處理裝置發送的第二近距離通訊部，所述資訊處理裝置包括：儲存從所述可?式電子設備發送的所述運行資訊的第二儲存部；以及處理所述第二儲存部中儲存的所述運行資訊的控制部。
G06F 13/14(2006.01),一種電子裝置，包括紅外發送單元、存儲單元、觸摸顯示幕、設備資訊設置單元以及控制單元。存儲單元用於存儲至少一個設備資訊及與每一個設備資訊對應的遙控控制資訊。設備資訊設置單元根據用戶操作設定與需要遙控的電子設備對應的設備資訊。控制單元獲取與設定的設備資訊對應的遙控控制資訊以建立供用戶對電子設備進行遙控操作的遙控操作介面，以及在建立遙控操作介面後回應用戶基於遙控操作介面的觸摸操作產生遙控指令並控制紅外發送單元傳送對應於遙控指令的紅外信號至電子設備，以控制電子設備執行與遙控指令相對應的功能。本發明還提供一種用於上述電子裝置的實現通用遙控器功能的方法。,1.一種電子裝置，包括紅外發送單元、存儲單元以及觸摸顯示幕，紅外發送單元用於發送紅外信號至需要遙控的電子設備，其改良在於：該存儲單元用於存儲至少一個設備資訊及與每一個設備資訊對應的遙控控制資訊；該電子裝置還包括設備資訊設置單元以及控制單元；該設備資訊設置單元用於根據用戶操作設定與需要遙控的電子設備對應的設備資訊；該控制單元獲取與設定的設備資訊對應的遙控控制資訊以建立供用戶對電子設備進行遙控操作的遙控操作介面，以及在建立遙控操作介面後回應用戶基於遙控操作介面的觸摸操作產生遙控指令並控制紅外發送單元傳送對應於遙控指令的紅外信號至電子設備，以控制電子設備執行與遙控指令相對應的功能。
H04N 5/44(2011.01),"本發明係關於一種接收裝置,該接收裝置包含:複數個接收電路,其以一預定配置狀態安置;複數個局部振盪電路,其等之各者將一局部振盪信號供應至該複數個接收電路之各者;及一控制單元,其控制各接收電路及各局部振盪電路。當存在其頻率在具有一調諧請求之一接收信號之一搜尋期間匹配或接近於一通過頻率之一局部振盪信號所供應至之一特定接收電路時,該控制單元在安置於遠離該特定接收電路之一位置處之一接收電路中執行具有該調諧請求之該接收信號之該搜尋。",1.一種接收裝置，其包括：複數個接收電路，其等以一預定配置狀態安置；複數個局部振盪電路，其等之各者將一局部振盪信號供應至該複數個接收電路之各者；及一控制單元，其控制安置於各位置處之一接收電路之一調諧，且當存在其頻率在具有一調諧請求之一接收信號之一搜尋期間匹配或接近於一通過頻率之一局部振盪信號所供應至之一特定接收電路時，在安置於遠離該特定接收電路之一位置處之一接收電路中執行具有該調諧請求之該接收信號之該搜尋。
H04M 11/00(2006.01),"一種建立電子設備之間通信的方法,電子設備能夠通過第一通信方式和第二通信方式與其它電子設備進行通信;第一通信方式允許電子設備與其它電子設備進行自動通信;第二通信方式允許電子設備與其它電子設備在建立連接後進行通信。該方法包括步驟:電子設備偵測是否藉由第一通信方式與其它電子設備建立通信;當藉由第一通信方式與其它電子設備通信時,電子設備發出請求訊號,以及回應來自其它電子設備的驗證訊號並進行身份驗證;以及當通過身份驗證時電子設備藉由第二通信方式與其它電子設備建立通信。本發明還提供一種電子設備。",1.一種電子設備，能夠通過第一通信方式和第二通信方式與具有第一通信方式和第二通信方式的其它電子設備進行通信；第一通信方式允許該電子設備與其它電子設備進行自動通信；第二通信方式允許該電子設備與其他電子設備在建立第二通信方式後進行通信；其改良在於：該電子設備包括即時偵測該電子設備是否藉由第一通信方式與其它電子設備建立自動通信的偵測單元，以及當偵測單元偵測到該電子設備與其它電子設備藉由第一通信方式建立自動通信時自動發出請求與其它電子設備建立第二通信方式的請求訊號並藉由第一通信方式傳送到其它電子設備的處理器；該處理器還用於回應來自其他電子設備的驗證訊號並自動進行身份驗證，並當通過身份驗證時自動藉由第二通信方式與該其它電子設備建立通信。
H04N 5/44(2011.01),"一種影像裝置控制系統,包含影像提供裝置、影像接收裝置、手持裝置及耦接於影像提供裝置與影像接收裝置之間的影像裝置串接設備。相容於高解析度多媒體介面規格的影像提供裝置及影像接收裝置分別提供及接收影像訊號。手持裝置提供包含特定資料之控制訊號。影像裝置串接設備根據通訊協定接收手持裝置提供的控制訊號,並根據控制訊號中之特定資料發送第一封包至相對應的影像提供裝置及發送第二封包至相對應的影像接收裝置。影像提供裝置及影像接收裝置根據第一封包及第二封包各別包含之至少一消費者電子產品控制指令而各別執行相對應的功能。","1.一種影像裝置控制系統，包含：至少一影像提供裝置，用以提供一影像訊號，該影像提供裝置相容於高解析度多媒體介面(HighDefinitionMultimediaInterface,HDMI)規格；至少一影像接收裝置，用以接收該影像訊號，該影像接收裝置相容於高解析度多媒體介面規格；一手持裝置，用以提供包含至少一特定資料之至少一控制訊號；以及一影像裝置串接設備，耦接於該至少一影像提供裝置與該至少一影像接收裝置之間，該影像裝置串接設備根據一通訊協定接收由該手持裝置所提供的該至少一控制訊號，並根據該至少一控制訊號中之該至少一特定資料發送至少一第一封包至相對應的該至少一影像提供裝置以及發送至少一第二封包至相對應的該至少一影像接收裝置，其中，該至少一影像提供裝置及該至少一影像接收裝置根據該至少一第一封包及該至少一第二封包所各別包含之至少一消費者電子產品控制指令(ConsumerElectronicsControl,CEC)而各別執行相對應的功能。"
H04B 10/00(2013.01),"本發明提供一種光控式電子設備以及以光操控電子設備的行動電子裝置,透過具有顯示單元、光控碼模組以及光顯示處理模組的行動電子裝置,以對具有光感測接收單元及控制單元的光控式電子設備進行操控,其中該光顯示處理模組依據儲存於該光控碼模組的光控碼,控制該顯示單元輸出明暗變化的光信號,以供該光控式電子設備的光感測接收單元感測該光信號,並依據該光信號的明暗變化轉換成電控碼,使該控制單元依據該電控碼控制該光控式電子設備。此外,本發明還提供一種以光控方式進行系統登錄的處理方法,由一資訊處理裝置透過傳輸設備接收光信號的輸入,使該傳輸設備的光感測接收單元依據該光信號的明暗變化轉換成電控碼,以由該傳輸設備的控制單元接收該電控碼並透過傳輸介面傳送至該資訊處理裝置,以供該資訊處理裝置依據該電控碼進行系統登錄的處理。",1.一種以光控方式進行系統登錄的處理方法，至少包括以下步驟：資訊處理裝置透過傳輸設備用以接收光信號的輸入，其中，該傳輸設備具有光感測接收單元及與該光感測接收單元耦接的控制單元；行動電子裝置透過其顯示單元輸出明暗變化的光信號，其中，該光信號是依據儲存於該行動電子裝置本端的光控碼而輸出；以及該傳輸設備的光感測接收單元感測來自該顯示單元所輸出的光信號，並依據該光信號的明暗變化轉換成電控碼，以由該控制單元接收該電控碼並透過該傳輸設備傳送至該資訊處理裝置，以供該資訊處理裝置依據該電控碼進行系統登錄的處理。
H01Q 1/22(2006.01),"本發明實施例公開了通信設備,應用於電子設備技術領域。本發明實施例的通信設備中,在增加新的通信功能時,可以將通信天線設置在該通信設備的顯示觸控屏表面或內嵌於顯示觸控屏內部,或將通信天線複用該通信設備的顯示觸控屏中所包括的電極,而通過控制電路來協調通信功能和電極功能;且將該通信天線對應的通信處理功能電路與通信設備中的其他處理器靈活配置。這樣充分了利用了通信設備已有組成部分的空間,而不需要在通信設備中新增加一個單獨的模組來實現通信功能,使得在增加通信設備中新的通信功能時,儘量不增加該通信設備的體積。",1.一種通信設備，其特徵在於，包括：顯示觸控屏、通信天線和通信處理功能電路；所述通信天線設置在所述顯示觸控屏表面或內嵌於所述顯示觸控屏內部；所述通信天線連接所述通信處理功能電路；所述通信處理功能電路用於控制所述通信天線執行通信功能，且對所述通信天線接收和/或發送的信號進行相應處理。
H05K 7/20(2006.01),本發明揭露一種功率模組及功率裝置。功率裝置包含螺絲、散熱元件及功率模組。功率模組包含基板、封裝體及兩個固定結構。各固定結構包含第一穿孔、兩個弧形第二穿孔、環狀結構及兩個下沉結構。環狀結構於第一穿孔及兩個第二穿孔之間。兩個下沉結構與環狀結構相連接。兩螺絲穿過兩第一穿孔，而將功率模組固定於散熱元件時，各下沉結構向散熱元件彎曲，且各環狀結構被螺絲固定於散熱元件的平坦面。通過兩個固定結構的設計，可以讓基板的散熱面，平貼於散熱元件的平坦面，據以使功率模組運作所產生的熱能，能有效地通過散熱元件向外傳遞。,1.一種功率模組，其包含：一基板，其一側設置有至少一電子元件，所述基板的另一側面為一散熱面；一封裝體，其包覆所述基板設置有所述電子元件的一側，所述散熱面露出於所述封裝體；多個接腳，各個所述接腳的一端固定於所述基板，各個所述接腳的另一端穿出所述封裝體；兩個固定結構，其設置於所述封裝體彼此相反的兩端；各個所述固定結構包含：一第一穿孔，其貫穿所述固定結構；至少兩個第二穿孔，各個所述第二穿孔貫穿所述固定結構，至少兩個所述第二穿孔以所述第一穿孔為中心，位於所述第一穿孔的兩側，而至少兩個所述第二穿孔彼此相面對地設置；各個所述第二穿孔呈弧狀；一環狀結構，其位於至少兩個所述第二穿孔與所述第一穿孔之間；兩個下沉結構，其位於所述環狀結構的兩側，各個所述下沉結構與所述環狀結構相連接，各個所述第二穿孔的一端與另一個所述第二穿孔的一端之間形成有一個所述下沉結構；其中，所述功率模組通過兩個螺絲固定於一散熱元件上時，各個所述螺絲的一螺柱將穿過所述第一穿孔，各個所述螺絲的一頭部將抵壓相對應的所述環狀結構，並使所述環狀結構平貼於所述散熱元件的一平坦面。
F16B 39/284(2006.01),一種自動鎖緊的防鬆螺絲裝置，有螺絲和螺絲自動鎖緊襯套，及連結螺絲和螺絲自動鎖緊襯套的單向旋轉的棘輪件，當螺絲鎖緊後，螺絲自動鎖緊襯套可再往反方向鎖緊，使該螺絲自動鎖緊襯套內部的扭簧產生預扭力，然而該預扭力透過內部的棘輪件連接到螺絲頭上，該棘輪件上的彈簧片會將螺絲頭夾緊，使得螺絲頭和棘輪件成為一體，然而螺絲本身就能產生自動鎖緊的預扭力，而該預扭力同時可使螺絲有防鬆和自動鎖緊的效果，同時該自動鎖緊的防鬆螺絲裝置，也可裝電子式的螺絲定位檢查裝置，隨時可了解螺絲的鎖緊情況。,1.一種自動鎖緊的防鬆螺絲裝置，包括：一個螺絲和螺絲自動鎖緊襯套，棘輪件，一起組合成一組自動鎖緊的防鬆螺絲裝置。
F16B 25/10(2006.01),本發明為一種螺絲的改良，包含有一螺絲桿體，以及一螺紋部，該螺紋部由若干個螺紋單元串接而成，每一螺紋單元螺繞在螺絲桿體外周面一個螺距的長度，每一螺紋單元的俯視或底視為橢圓形；每一個螺紋單元在螺紋方向具有一螺峰脊線，該螺峰脊線包含二個漸高曲線，及二個漸低曲線，該螺峰脊線由漸高曲線及由漸低曲線前後地交錯連接在一起；該每一螺紋單元具有二個螺峰高點及二個螺峰低點，且螺峰高點與螺峰低點前後交錯地排列，利用螺峰高點來切削工件，螺紋單元除了螺峰高點以外的其他位置的寬度方向及高度方向與工件間會產生一間隙，因此可以減少螺紋單元與工件間的摩擦力，在鎖螺絲時可以省力。,1.一種螺絲的改良，包含有一螺絲桿體，以及一螺紋部，該螺紋部以螺旋狀凸起方式環繞在該螺絲桿體的外周面，該螺紋部由若干個連續螺紋單元串接而成，每一螺紋單元螺繞在螺絲桿體外周面大於一個螺距的長度，由螺絲的橫斷面看每一螺紋單元的俯視或底視為橢圓形。
F16B 13/06(2006.01),本發明提供一種膨脹螺絲組件，包含有一螺絲件、一螺帽件以及一套筒件。其中，螺絲件具有一尾部、一身部、一頭部以及至少一槽溝，尾部設有一擴張結構，頭部設有一外螺紋，槽溝縱向設置在身部以及頭部；螺帽件具有對應外螺紋的一內螺紋，使螺帽件可分離地螺合於頭部；以及套筒件係由一長直筒一體成形組成，其係可移動地套設於身部與頭部，長直筒具有至少一鉤拉部，鉤拉部可分離地置入於槽溝。藉此，轉動螺絲件便可使溝槽內的鉤拉部被帶動，進而將螺絲件連同螺帽件一起從孔洞中取出收回，這樣的過程輕鬆、可保留原孔洞且不會破壞牆面。,1.一種膨脹螺絲組件，包含有：一螺絲件，具有一尾部、一身部、一頭部以及至少一槽溝，該尾部設有一擴張結構，該頭部設有一外螺紋，該槽溝縱向設置在該身部以及該頭部；一螺帽件，具有對應該外螺紋的一內螺紋，使該螺帽件可分離地螺合於該頭部；以及一套筒件，可移動地套設於該身部與該頭部，該套筒件具有至少一鉤拉部，該鉤拉部可分離地置入於該槽溝。
B23P 13/00(2006.01),本發明可直接鑽鎖之不銹鋼螺絲成型方法，其包含有一備料步驟、退火步驟、裁切步驟、打頭步驟、搓牙步驟及熱處理步驟等；其中，該備料步驟具備有一不銹鋼線材，且該不銹鋼線材包括有1-3.5 wt%之鉬、10-16wt%之鉻、0.5-3.5wt%之鎳、0.05-0.3wt%之氮、0.2 wt%以下之碳、以及其餘為鐵及其他不可避免之成分，且該不銹鋼線材晶相組織初始為麻田散鐵系，且其硬度為230HV~350HV，之後經過該退火步驟將前述該不銹鋼線材予以退火處理，使該不銹鋼線材硬度軟化至200HV以下，而後再經裁切步驟、打頭步驟及搓牙步驟後，以形成一不銹鋼螺絲，接著再經熱處理步驟，使其部份晶相組織由該肥粒鐵系轉換成麻田散鐵系，同時該不銹鋼螺絲之硬度提升至500HV以上，以得到一具高強度及耐蝕性佳等之不銹鋼螺絲，以供在物件上直接鑽鎖使用。,1.一種可直接鑽鎖之不銹鋼螺絲成型方法，其包含有：一備料步驟，其備具有一不銹鋼線材，且該不銹鋼線材包括有1-3.5wt%之鉬、10-16wt%之鉻、0.5-3.5wt%之鎳、0.05-0.3wt%之氮、0.2wt%以下之碳、以及其餘為鐵及其他不可避免之成分，且該不銹鋼線材晶相組織初始為麻田散鐵系，且其硬度為230HV~350HV；一退火步驟，其將前述該不銹鋼線材予以退火處理，且該不銹鋼線材經退火後該不銹鋼線材部份晶相轉換為肥粒鐵系，此時該不銹鋼線材硬度軟化至200HV以下；一裁切步驟，其將該不銹鋼線材分別裁切成一預定長度之加工基材；一打頭步驟，其將該加工基材一端沖壓成一頭部，而該加工基材另一端則形成有一桿身；一搓牙步驟，其針對該桿體末端形成有一尾部，而該桿體上且位於該尾部與螺頭間輾壓成型有一螺牙，而使該加工基材轉變成一不銹鋼螺絲；及一熱處理步驟，其備具有一熱處理設備，將前述完成之該不銹鋼螺絲透過該熱處理設備進行熱處理，使該熱處理過程中該不銹鋼螺絲中的部份晶相組織從該肥粒鐵系轉換成麻田散鐵系外，並且利用該氮與該碳在熱處理中達到氮化效果，致使該不銹鋼螺絲之硬度得以提升至500HV以上，同時該鉬、該鉻及該鎳可以提昇該不銹鋼螺絲之耐蝕性。
F16B 39/24(2006.01),一種用自動鎖緊的防鬆螺帽做管路接頭防漏裝置，係包括一種自動鎖緊螺帽裝置及雙球型的防漏襯片，另外一個是管路接頭法藍內有球型孔，當螺絲和螺帽在鎖緊工件或者是管路接頭法蘭時，因時間長久後材料會變形，會使得工件或者是法蘭的螺絲鎖緊處會有凹陷現象，或者是螺絲本身的彈性疲滑，使得螺絲產生鬆動現象，此時用本發明之自動鎖緊螺帽裝置裝到螺帽上，會自動將螺絲上的螺帽往前鎖緊，使得螺絲不會產生鬆動現象，本發明之雙球型的防漏襯片，當管路在焊接時的熱脹冷縮，使得管路接頭法蘭無法平行接合，會產生歪斜現象，此現象會使得管路上的接頭很容易有洩漏現象，此時本發明之雙球型的防漏襯片可補足防止此洩漏現象。,1.一種用自動鎖緊的防鬆螺帽做管路接頭防漏裝置，包括：自動鎖緊的防鬆螺帽裝置，另一個是雙球型的防漏襯片，其兩種結合後可讓管路接頭結合時保持一定的壓力，使得管路接頭的法蘭和雙球型的防漏襯片，保持密切結合，防止管路接頭有洩漏現象。
F16B 25/04(2006.01),本發明鑽尾螺絲，其包含有一螺頭，一由該螺頭向外延伸之桿體，一螺旋環設於該桿體上之螺牙，以及一設於該桿體上且相反該螺頭一端之鑽尾；其中，該鑽尾具有二對稱由該鑽尾之鑽尖延伸至該桿體之切削槽，分設於該二切削槽間之鑽體，以及分別傾斜開設於該鑽體上之導屑槽；是以，透過該鑽體之第一刀鋒、第二刀鋒、形成於該第一刀鋒與第二刀鋒間之切刃設計下，將有助於該鑽體切削時之鋒利度，增加切削鎖合效果，同時切削過程所產生之切屑可經由該切削槽與導屑槽快速進行排屑，有效降低鎖合阻力。,1.一種鑽尾螺絲，其包含有一螺頭，一由該螺頭向外延伸且形成有一中心軸之桿體，一螺旋環設於該桿體上之螺牙，以及一設於該桿體上且相反該螺頭一端之鑽尾；另，該鑽尾末端形成有一鑽尖，其特徵在於：該鑽尾具有二對稱由該鑽尖延伸至該桿體之切削槽，分設於該二切削槽間之鑽體，以及分別傾斜開設於該鑽體上之導屑槽；其中，該每一鑽體具有一由該鑽尖往該桿體方向延伸之切削面，一連接該切削面之外緣面，一連接該外緣面至另一鑽體的切削面之排屑面，一凹設於該外緣面上且形成有該導屑槽之導屑面，一位於該鑽體末端且分別連接該切削面、外緣面、排屑面之錐面，一形成於該錐面與該切削面相接處之第一刀鋒，一形成於該切削面與外緣面之第二刀鋒，以及一形成於該第一刀鋒與第二刀鋒間之切刃；另，該切削槽形成於該切削面與另一鑽體的排屑面間，且該切削槽與該導屑槽連通。
F16B 47/00(2006.01),一種吸盤操作裝置，包括一把手結構、一拉柄、一主體結構、多個吸盤螺帽、一管狀連接結構、多個吸盤、一連接桿及一吸盤連桿。拉柄設置於把手結構上。管狀連接結構連結把手結構與主體結構。連接桿貫穿把手結構、管狀連接結構與主體結構。吸盤連桿包括一連桿本體及多個吸盤拉桿。多個吸盤拉桿穿過穿孔、吸盤螺帽與連桿本體而設置，吸盤拉桿包括一拉桿本體、一活塞、一阻擋塊及一彈簧。一活塞設置於拉桿本體的一端，並抵靠於通氣孔上。阻擋塊設置於拉桿本體的另一端。彈簧其中一端連接至活塞，另一端連接至吸盤螺帽。,1.一種吸盤操作裝置，包括：一把手結構，包括：一頂部；一底部；及一連接部，連接該頂部與該底部；一拉柄，設置於該把手結構的該底部上；一主體結構，包括多個穿孔；多個吸盤螺帽，覆蓋且固定於該主體結構的每一個該穿孔上；一管狀連接結構，連結該把手結構的該底部與該主體結構；多個吸盤，包括一安裝部，深入該穿孔而設置，並具有一通氣孔貫穿該安裝部：一連接桿，貫穿該把手結構、該管狀連接結構與該主體結構，且該連接桿是能相對該把手結構、該管狀連接結構與該主體結構進行上下移動；及一吸盤連桿，包括：一連桿本體；及多個吸盤拉桿，穿過該穿孔、該吸盤螺帽與該連桿本體而設置，並可相對於該穿孔、該吸盤螺帽與該連桿本體滑動，該吸盤拉桿包括：一拉桿本體；一活塞，設置於該拉桿本體的一端，並抵靠於該通氣孔上；一阻擋塊，設置於該拉桿本體的另一端，並且該阻擋塊的直徑大於該吸盤拉桿的直徑，該阻擋塊抵接於該連桿本體上；及一彈簧，其中一端連接至該活塞，另一端連接至該吸盤螺帽；其中，該連接桿的一端固定在該拉柄上，該連接桿的另一端則固定在該連桿本體上。
F16B 35/06(2006.01),一種具有堆疊式螺絲頭的螺絲，包括螺紋部以及螺絲頭部。螺紋部適於鎖固至鎖固件中；螺絲頭部連接至螺紋部以藉由轉動螺絲頭部而帶動螺紋部轉動，其中，螺絲頭部包括第一螺絲頭與第二螺絲頭，第一螺絲頭的頂部具有第一溝紋以使施加至第一溝紋的扭力帶動第一螺絲頭轉動，第一螺絲頭的底部經由頸部連接至第二螺絲頭的頂部，第二螺絲頭的頂部具有第二溝紋且第二螺絲頭的底部連接至螺紋部，且上述頸部與第一或第二螺絲頭的連接處對於扭力的承受能力小於第一螺絲頭及第二螺絲頭對於扭力的承受能力。,1.一種具有堆疊式螺絲頭的螺絲，其特徵在於包括：一螺紋部，適於鎖固至一鎖固件中；以及一螺絲頭部，連接至該螺紋部以藉由轉動該螺絲頭部而帶動該螺紋部轉動，該螺絲頭部包括一第一螺絲頭與一第二螺絲頭，該第一螺絲頭的頂部具有一第一溝紋以使施加至該第一溝紋的扭力帶動該第一螺絲頭轉動，該第一螺絲頭的底部經由一頸部連接至該第二螺絲頭的頂部，該第二螺絲頭的頂部具有一第二溝紋且該第二螺絲頭的底部連接至該螺紋部；其中，該頸部與該第一螺絲頭或該第二螺絲頭的連接處對於扭力的承受能力小於該第一螺絲頭及該第二螺絲頭對於扭力的承受能力，或該頸部對於扭力的承受能力小於該第一螺絲頭及該第二螺絲頭對於扭力的承受能力。
F16B 25/00(2006.01),本發明係關於一種螺絲及一種螺絲總成。該螺絲包含：一螺絲頭；及一螺絲軸，其自該螺絲頭之一下側突出且具有一自成型或自切割螺紋，其中該螺絲頭之該下側具有一支承區域及在該支承區域與該軸之間圍繞該軸延伸的至少一個環形凹部，其中由一彈性密封劑製成之一塗層附著至該螺絲頭之該下側。,1.一種螺絲（10），其包含：一螺絲頭（11）及自該螺絲頭（11）之一下側突出且具有一自成型或自攻螺紋（17）的一螺絲軸（16），其中該螺絲頭（11）之該下側具有一支承區域（12）及在該支承區域（12）與該軸（16）之間圍繞該軸（16）延伸的至少一個環形凹部（14），其中由一彈性密封劑製成之一塗層（15）附著至該螺絲頭（11）之該下側。
F16B 25/02(2006.01),本發明係有關於一種製造雙金屬螺絲（1）的方法，該雙金屬螺絲（1）包括第一桿部（8）及第二桿部（9），該等桿部（8，9）在該雙金屬螺絲（1）之縱軸（L）的方向上接連佈置並且在焊接點（10）上藉由束焊而被焊接在一起，該方法之特徵在於，使得該等桿部（8，9）在焊接過程中連續地相對於該焊接束（13）進行移動並且穿過該焊接束。,1.一種製造雙金屬螺絲（1），特別是混凝土螺絲的方法，該雙金屬螺絲包括第一桿部（8）及第二桿部（9），該等桿部在該雙金屬螺絲（1）之縱軸（L）的方向上接連佈置並且在焊接點（10）上藉由束焊而被焊接在一起，其特徵在於，使得該等桿部（8，9）在焊接過程中連續地相對於該焊接束（13）進行移動並且穿過該焊接束。
B25B 15/06(2006.01),一種防拆螺絲、鎖合工具及螺鎖工具組，該螺鎖工具組包含該防拆螺絲及該鎖合工具。該鎖合工具包含握柄及定位旋銷。該握柄包括鎖合棘齒結構。該定位旋銷包括凸柱。該防拆螺絲包含螺絲本體及卡扣結構。該螺絲本體具有能與該鎖合棘齒結構嚙合的防拆棘齒結構及螺頭內孔。 該卡扣結構裝設於該螺頭內孔，並界定出銜接槽及連通該銜接槽且沿一拆卸方向延伸的限位槽。藉由該限位槽供該凸柱穿入，使得該防拆棘齒結構無法相對於該鎖合棘齒結構錯位，而能受到該握柄帶動朝該拆卸方向轉動。如此，該防拆螺絲需要透過該鎖合工具才能拆卸，故能達到防盜效果佳的目的。,1.一種防拆螺絲，適用於配合一鎖合工具使用，以拆裝於一外部結構，該鎖合工具包含一握柄及一定位旋銷，該握柄包括一握持部及一設置於該握持部前端的鎖合棘齒結構，該定位旋銷包括一軸向延伸且可樞轉地穿設於該握柄的桿體，及至少一個自該桿體的前端徑向延伸的凸柱，該凸柱顯露於該鎖合棘齒結構外，該防拆螺絲包含：一螺絲本體，包括一螺頭及一自該螺頭的前側向前延伸且可穿設於該外部結構的螺桿，該螺頭具有一位於後側的防拆棘齒結構，及一開口被該防拆棘齒結構圍繞的螺頭內孔，該防拆棘齒結構適用於與該鎖合棘齒結構嚙合；及一卡扣結構，裝設於該螺頭內孔，並包括一基壁及一自該基壁的外緣向後延伸的圍壁，該基壁與該圍壁界定出一開口向後的銜接槽，該圍壁形成至少一個連通該銜接槽並沿一拆卸方向延伸的限位槽，該限位槽與該圍壁的後側面間隔，該銜接槽適用於供該凸柱可位移地穿入至該限位槽，以限制該握柄無法軸向位移，其中，當該防拆棘齒結構與該鎖合棘齒結構嚙合，該螺絲本體能受到該握柄帶動而以該桿體為軸心朝一相反於該拆卸方向的鎖固方向轉動，當該防拆棘齒結構與該鎖合棘齒結構嚙合，且該限位槽供該凸柱穿入，使得該防拆棘齒結構無法相對於該鎖合棘齒結構錯位，該螺絲本體能受到該握柄帶動而以該桿體為軸心朝該拆卸方向轉動。
F16B 23/00(2006.01),一種螺絲，包含一螺柱及一螺絲頭。該螺絲頭設置於該螺柱一端並與該螺柱共同界定出一軸線，該螺絲頭包括一位在相反於該螺柱的一端的端面，及多個固持部，該螺絲頭形成有一由該端面朝該螺柱方向凹陷並沿該軸線延伸的導引孔，該等固持部位於該導引孔外周圍且相間隔地環繞該軸線設置，每一個該固持部與該端面沿該軸線相間隔一距離，每一個該固持部沿垂直於該軸線的一頭徑向延伸。藉此，使得該螺絲能起到良好的防盜效果。本發明還提供一種螺絲起子以及螺絲與螺絲起子的組合。,1.一種螺絲，包含：一螺柱；及一螺絲頭，設置於該螺柱一端並與該螺柱共同界定出一軸線，該螺絲頭包括一位在相反於該螺柱的一端的端面，及多個固持部，該螺絲頭形成有一由該端面朝該螺柱方向凹陷並沿該軸線延伸的導引孔，該等固持部位於該導引孔外周圍且間隔地環繞該軸線設置，每一個該固持部與該端面沿該軸線相間隔一距離，每一個該固持部沿垂直於該軸線的一頭徑向延伸。
F16B 5/00(2006.01),一種結構物固定結構，包括第一固定件、第一結構物、第二固定件和第二結構物。第一固定件包括第一柱體和凸緣，凸緣連接第一柱體的側面。第一結構物固設於第一固定件上。第二固定件挾持凸緣。第二固定件包括凹槽部、容置部和第二柱體。容置部連接凹槽部。容置部具有容置空間，配置以容置凸緣。第二柱體連接容置部並位於容置部背向凹槽部的一側。第二結構物固設於第二固定件的第二柱體上，第二固定件隔開第二結構物和第一固定件。,1.一種結構物固定結構，包括：一第一固定件，包括：一第一柱體；一凸緣，連接該第一柱體的一側面；一第一結構物，固設於該第一固定件上；一第二固定件，挾持該凸緣，包括：一凹槽部；一容置部，側向連接該凹槽部，該容置部具有一容置空間於該凹槽部下，該容置空間貫穿該容置部局部並係適配以容置該凸緣；以及一第二柱體，連接該容置部並位於該容置部下；以及一第二結構物，固設於該第二固定件的該第二柱體下，該第二固定件隔開該第二結構物和該第一固定件。
A47G 29/087(2006.01),一種置物籃之鎖掛，一基座、一螺絲與一碟型螺帽所構成；前述的基座其一側設有膠片可黏附於一牆面，該基座相對於該膠片一面則設置該螺絲，又在該螺絲一側設置一固定擋板；該碟型螺帽中央設有一內螺孔，其螺接於該螺絲產生轉動位移，再者，該碟形螺帽、該螺絲及該固定擋板形成一夾持區域，藉由該碟型螺帽能調整該夾持區域距離，並以三邊接觸下夾持住一置物架的線材；是以，本發明能有效提升置物架吊掛時無論線材是橫放、直放或者是斜放，都能穩穩地固定在本發明達到置物架穩定的效果。,1.一種置物籃之鎖掛，主要包含有：一基座、一螺絲與一碟型螺帽所構成；前述的基座其一側黏附一膠片，該膠片可黏附於一牆面，該基座相對於該膠片一面則設置該螺絲，又在該螺絲一側設置一固定擋板；該碟型螺帽中央設有一內螺孔，其螺接於該螺絲產生轉動位移，再者，該碟形螺帽、該螺絲及該固定擋板形成一夾持區域，藉由該碟型螺帽能調整該夾持區域距離，並以三邊接觸下夾持住一置物架的線材。
F16B 1/02(2006.01),本發明揭露適於卡固對應設置的第一與第二物件的對接結構，包括第一連接部及第二連接部，分別設置於第一物件與第二物件的表面。第一連接部包括第一板及第二板。第一板包括第一本體、延伸板及主肋。第一本體朝第二物件的方向延伸且末端設置有延伸板。主肋耦接第一物件並沿第一本體及延伸板設置。第二板包括第二本體及牽引板並耦接第一物件、第一本體及延伸板。第二連接部包括基座及非封閉柱狀體。基座耦接第二物件。非封閉柱狀體耦接基座並包括擋牆及底板。擋牆朝第一物件的方向延伸且末端設置有底板並共同形成對應延伸板設置的容置空間。 ,1.一種對接結構，適於卡固對應設置的一第一物件與一第二物件，其包括：一第一連接部，設置於該第一物件的表面，該第一連接部包括：一第一板包括：一第一本體，自該第一物件的表面朝該第二物件的方向延伸；一延伸板，設置於該第一本體遠離該第一物件的一端，並與該第一本體夾有一第一角度；及一主肋，耦接該第一物件並沿該第一本體及該延伸板設置；一第二板包括：一第二本體，耦接該第一物件並以非平行方向連接該第一本體；及一牽引板，延伸自該第二本體並耦接該第一本體及該延伸板；以及一第二連接部，設置於該第二物件的表面，該第二連接部包括：一基座，耦接該第二物件；及一非封閉柱狀體，耦接該基座，該非封閉柱狀體包括：一擋牆，自該基座朝該第一物件的方向延伸；及一底板，設置於該擋牆遠離該基座的一端，該擋牆與該底板形成對應該延伸板設置的一容置空間。
F16B 1/02(2006.01),一種基座定位元件，係與一基座之一對弧形孔對應組設，所述基座定位元件，係包含：一本體； 該本體具有一第一側及一第二側及一貫穿孔，該貫穿孔貫穿該第一、二側，該第二側該貫穿孔旁凸伸一第一凸柱及一第二凸柱，並該第一、二凸柱與該等弧形孔呈可旋轉地對應設置組接進而與該基座組合固定者。,1.一種基座定位元件，係與一基座之一對弧形孔對應組設，所述基座定位元件，係包含：一本體，具有一第一側及一第二側及一貫穿孔，該貫穿孔貫穿該第一、二側，該第二側該貫穿孔旁凸伸一第一凸柱及一第二凸柱，並該第一、二凸柱與該等弧形孔呈可旋轉地對應設置組接。
B65B 43/54(2006.01),本發明係一種雙層袋之內袋與外袋黏合機構及其黏合方法，其中機構設有一基座，基座設有第一吸盤、接合裝置、第二吸盤及具有第三吸盤的定位裝置，其接合方法如下：內袋位在外袋內且突出於外袋開口形成一突出部；第一吸盤的上下吸盤分別吸住外袋側面並朝相反方向移動，第二吸盤的上下吸盤分別吸住突出部側面並朝相反方向移動；第三吸盤進入內袋內吸住內袋，第二吸盤取消吸附，第三吸盤往內移動直至內袋開口對齊外袋開口；接合裝置將外袋與內袋相互接合；藉此內袋與外袋可自動化的接合，使接合面較為精準，也能夠減少碰觸導致汙染的情形產生。,1.一種雙層袋之內袋與外袋黏合機構，其包含：一基座，其具有一上座及一下座；一第一吸盤，其設置於該基座上，且該第一吸盤包含：一第一上吸盤，其可上下移動地設置於該上座；一第一下吸盤，其固設於該下座，該第一上吸盤可選擇性地貼合於該第一下吸盤；一第二吸盤，其設置於該基座上，且該第二吸盤包含：一第二上吸盤，其可上下移動地設置於該上座；一第二下吸盤，其固設於該下座，該第二上吸盤可選擇性地貼合於該第二下吸盤；一接合裝置，其設置於該基座上位於該第一吸盤與該第二吸盤之間，且該接合裝置包含：一上接頭，其可上下移動地設置於該上座；一下接頭，其可上下移動地設置於該下座，該上接頭可選擇性地貼合於該下接頭；一定位裝置，其設置於該基座上，且該定位裝置包含：一位移座，其可移動地設置於該基座上；一第三吸盤，其連接於該位移座，且該第一吸盤、該第二吸盤及該第三吸盤分別外接一負壓裝置。
F16B 5/06(2006.01),一種電子元件固定結構包含底板、框體以及固定件。框體連接底板，並且與底板形成容置空間以及連通容置空間的開口。框體包含第一側壁、第二側壁以及第三側壁。第一側壁與開口相對，並且具有卡槽。第二側壁具有定位孔以及樞接部。樞接部位於第二側壁遠離第一側壁的一端。第三側壁與第一側壁相對。固定件包含第一延伸部以及第二延伸部。第一延伸部樞轉地連接樞接部。第一延伸部包括定位突起，其配置以穿過定位孔而部分延伸至容置空間內。第二延伸部連接第一延伸部，並且包括卡扣，其配置以卡合於卡槽。 ,1.一種電子元件固定結構，包含：一底板；一框體，連接該底板，並且與該底板形成一容置空間以及一開口，該開口連通該容置空間，該框體包含：一第一側壁，與該開口相對，並且具有一卡槽；一第二側壁，具有一定位孔以及一樞接部，該樞接部位於該第二側壁遠離該第一側壁的一端；以及一第三側壁，與該第一側壁相對；以及一固定件，包含：一第一延伸部，樞轉地連接該第二側壁之該樞接部，該第一延伸部包括一定位突起，配置以穿過該定位孔而部分延伸至該容置空間內；以及一第二延伸部，連接該第一延伸部，並且包括一卡扣，該卡扣配置以卡合於該第一側壁之該卡槽。
F16B 7/14(2006.01),本發明頂天立地支撐桿，於相互套接的外管與內管的樞接處設一基座，一按鈕以可樞擺的方式樞接於該基座，該按鈕具有一作動端、一扳動端，該作動端具有一卡掣部，當該作動端向下樞擺時，該卡掣部可適時地卡入該內管上複數孔洞的其中一孔洞定位；一滑塊可移動地設於該基座上，該滑塊具有一鎖定片，該鎖定片可往頂抵著該按鈕其扳動端的位置以及遠離該按鈕的方向移動；當該鎖定片頂抵著該扳動端，該按鈕無法樞擺。,1.一種頂天立地支撐桿，包括：一外管，一端為一套入端、另一端鎖接有一抵撐腳；一內管，一端鎖接有一抵撐腳、另一端具有一插入端，該內管以該插入端插入該外管的該套入端，該內管得於該外管內移動，沿該內管的軸向並間隔設有複數孔洞；一基座，設於該外管的該套入端且位於該內、外管相樞接處，該基座的二側設有二支持片，該內管位於該二支持片之間，該基座上並設有一容置孔，該容置孔係由該基座的徑向穿設並貫通其管壁；一按鈕，係為長柄狀，具有一作動端、一貫穿孔與一扳動端，該作動端與該扳動端位於該按鈕的相對二端，該作動端具有一卡掣部，當該作動端向下樞擺時，該卡掣部可適時地卡入該內管的其中一孔洞以定位該內、外管的樞接狀態，該貫穿孔位於該作動端與該扳動端之間，該貫穿孔且沿著該按鈕的寬度方向設置；一扭力彈簧，設於該貫穿孔內；一軸樞件，穿過該基座的該二支持片、該按鈕的該貫穿孔以及該扭力彈簧，將該按鈕設置於該基座上，該扳動端受力時可使該按鈕以該軸樞件為軸心樞擺；一滑塊，具有一鎖定片，該滑塊可移動地設於該基座的一第一位置與一第二位置，使該鎖定片可由頂抵著該按鈕其扳動端的位置往遠離該按鈕的方向移動；一彈性阻尼件，設於該基座的該容置孔內，該彈性阻尼件具有一鋼珠與一彈簧，該滑塊擋著該彈簧的一端、該彈簧的另一端則抵著該鋼珠，該鋼珠的部分表面露出於該容置孔外，並常保持為嵌進該內管的其中一孔洞。
H03G 99/00(2006.01),"本發明是關於一種功率放大器開機及關機時喇叭爆音之消除的電路與方法,特別是關於一種利用電容充電與放電特性,讓功率放大器開關機時,利用輸入電容的充電特性來取代輸出電容的預充電,使喇叭在開關機時爆音低於可聽見的程度。本發明不但有低成本及設計簡單的優點,同時不會對頻寬在設計上造成限縮。",1.一種功率放大器開機及關機時喇叭爆音之消除電路，包含：一控制單元，透過偵測供應電源之電壓來決定動作，並依照電路需求發送控制訊號；一第一開關接收該控制訊號並負責控制電路裡電容的充電與放電；一放大器，放大輸入訊號；以及一低頻濾波器，平均該放大器所輸出之訊號或電壓並將濾波後的訊號傳送給喇叭裝置。
H03G 9/20(2006.01),"雙模功率放大器可包含一線性增益段和一非線性增益段,此二區段被建構在一起成為一極性放大器。雙模功率放大器可用於傳送GFSK、4-DPSK和8-DPSK調變資料。在一實施例中,該非線性和線性增益段二者皆可用於傳送4-DPSK和8-DPSK調變資料。另一選擇,在另一模式中,該線性增益段可被繞過而同時該非線性增益段可被用於傳送GFSK調變資料。藉由選擇操作模式,該雙模功率放大器可被有利地構形為使用相對較少電力且同時支援GFSK、4-DPSK和8-DPSK調變架構。",1.一種雙模功率放大器，其包括：一非線性增益段，其接收頻率調變輸入和一第一增益訊號；一線性增益段，其接收振幅調變輸入、該第一增益訊號和一模式選擇訊號；及一混頻器，其用於接收該非線性增益段和該線性增益段之輸出，且產生一混合訊號當作該雙模功率放大器之一輸出。
H03G 3/30(2006.01),"本發明涉及一種在發射器中控制電路的方法和系統,可以減小發射器中的電壓駐波比。本發明的方案包括使用電阻對集成在晶片中的功率放大器輸出功率進行校準,其中當天線未連接上時,所述電阻可類比從外部連接到放大器的天線阻抗。放大器的增益和輸出功率可使用已知電阻和在放大器的輸入端或者在放大器之前的多個點上檢測到的電壓來確定。當天線連接到發射器時,可使用例如功率放大器之前的電壓檢測?來控制發射器的輸出功率,以在天線阻抗發生變化時避免檢測反射波。功率放大器設計成包括反向隔離功能,以減少來自天線的反向波。",1.一種在發射器中控制電路的方法，其特徵在於，包括使用電阻對集成在晶片上的功率放大器的輸出功率進行校準，其中所述電阻用於類比從外部連接到所述功率放大器的天線的阻抗。
H03G 3/00(2006.01),"本發明涉及一種在發射器中控制電路的方法和系統,其利用電池電壓(Vbat)監測器優化功率放大器發射功率。本發明的方案包括:基於控制信號調整發射通道中增益級的增益,其中該控制信號是電源電壓信號的函數或變數,該電源電壓信號是從用於為發射通道供電的電源電壓得到。電源電壓信號是從用於為發射通道供電的電池電壓上獲取。該電池電壓信號可以從功率管理單元中接收或直接從電源上獲得。可以將該電源電壓信號與參考信號進行比較,根據比較結果產生控制信號。控制信號的?可以根據電源電壓範圍來確定並存儲到查找表中。",1.一種在發射器中控制電路的方法，其特徵在於，包括：基於控制信號對發射通道的多個增益級中的至少一個增益級的增益進行調整，其中該控制信號包含電源電壓指示資訊。
H03G 1/04(2006.01),"一種低失真轉換放大器電路及其方法,於一實施例中,係包含一驅動一轉換放大器之低失真方法。包括在一第一端子產生一第一脈寬調變訊號,在一第二端子產生一第二脈寬調變訊號,並延遲第一或第二訊號其中之一。於一實施例中,調變訊號與延遲可致使趨近於零交叉點之處產生一固定脈寬衝序列,利用其提供一非零激動電平(Non-zero Drive Level)載荷,可使環繞於交叉點之失真減少,並藉由降低交叉失真之程度,進而減少輸出訊號中之總諧波失真及噪音。",1.一種低失真轉換放大器電路及其方法，其方法至少包含下列步驟：(A1)接收一類比輸入訊號；(B1)產生一第一脈寬調變訊號；以及(C1)產生一第二脈寬調變訊號。
H03G 99/00(2006.01),"本發明揭露一種可自動偵測聲音訊號以送出控制訊號的裝置與方法。本發明提供自動偵測傳統積體電路輸出的聲音訊號後,以控制驅動喇叭之功率放大器或是其他外部應用電路的開關。此裝置至少備有一聲音偵測電路和一重置/延遲電路。聲音偵測電路,其與傳統積體電路之聲音訊號連接,用以偵測傳統積體電路有無聲音訊號。重置/延遲電路,則是接收聲音偵測電路輸出訊號後,可重置(reset)此重置/延遲電路或是延遲一延遲時間後送出一控制訊號。本發明之裝置也可以與外部電路結合,例如功率放大器,如此可簡化傳統積體電路對外部電路的控制,且在傳統積體電路沒有聲音輸出時,可將所有外部電路關閉已達到節能的效果。",1.一種可自動偵測聲音訊號以送出控制訊號的裝置，該裝置更包含：一聲音偵測電路，其與一傳統積體電路之一聲音訊號連接，並偵測該傳統積體電路有無該聲音訊號輸出後，輸出一結果訊號；以及一重置/延遲電路，其接收該聲音偵測電路輸出之該結果訊號後，輸出一控制訊號。
H03G 5/16(2006.01),"一種功率放大器之控制電路,其包含有:一超取樣單元,用來對一數位輸入訊號進行超取樣,以產生一超取樣訊號;一控制模組,用來依據該超取樣訊號產生一第一控制訊號與一第二控制訊號;一脈寬調變電路,用來依據該第一控制訊號產生一第一脈寬調變訊號;以及一脈寬調整單元,用來依據該第二控制訊號調整該第一脈寬調變訊號之脈寬,以產生一第二脈寬調變訊號來控制該功率放大器之一功率輸出級。",1.一種功率放大器之控制電路，其包含有：一超取樣單元(oversampler)，用來對一數位輸入訊號進行超取樣，以產生一超取樣訊號(oversampledsignal)；一控制模組，用來依據該超取樣訊號產生一第一控制訊號與一第二控制訊號；一脈寬調變電路，用來依據該第一控制訊號產生一第一脈寬調變訊號；以及一脈寬調整單元，用來依據該第二控制訊號調整該第一脈寬調變訊號之脈寬，以產生一第二脈寬調變訊號來控制該功率放大器之一功率輸出級。
H03F 3/20(2006.01),"一種無線通信單元(100)包括一功率放大器(124),其具",1.一種無線通信單元(100)，其包括一具有用以接收一輸入信號的一輸入埠及用以提供一放大之輸出信號的一輸出埠之功率放大器(124)，以及一可操作耦合至該功率放大器(124)並配置以藉由計算該輸入信號及放大之輸出信號的一累積分布函數(CDF)或一互補累積分布函數(CCDF)而導出小信號增益及大信號增益值之信號處理功能(128)。
H04L 27/20(2006.01),"一種射頻收發器,其包括一溫度感測器以及一第一可變增益放大器(variable gain amplifier;VGA),溫度感測器有一輸入節點接收一來自基頻處理器的輸入電壓以及一輸出節點提供一輸出電壓,第一可變增益放大器耦接至溫度測器,且其增益?受輸出電壓所控制。",1.一種射頻收發器，包括：一溫度控制電路，具有一熱敏電阻，於一輸入節點接收一輸入電壓，並於一輸出節點輸出一輸出電壓；以及一第一可變增益放大器，耦接至該溫度控制電路的該輸出節點，其中該第一可變增益放大器的增益受該輸出電壓控制。
H04L 27/36(2006.01),"本發明係揭示一種線性射頻(RF)發送(100),包括一正向路徑(102, 105, 107),該正向路徑包括一上轉換混合器(120, 122)及-RF(射頻)功率放大器(126),一非線性偵測器(125),其連接該正向路徑。該發送器尚包括一調節器(111),其可連接至,供應電壓源(113)及至該射頻功率放大器,以傳送一可變供應電壓(VS)至該射頻功率放大器,及一控制器(127),其可用以產生一控制信號,其藉由該供應電壓之調節器(111)而控制調整,其中該非線性偵測器連接至該控制器上於偵測到非線性時可用以傳送一控制信號至該控制器,其令該控制器調整該調節器以增加該供應電壓。",1.一種線性射頻(RF)發送器，包括：一正向路徑，其用以接收及處理。基帶輸入信號，該正向路徑包括一上轉換混合器，其可用以將一基帶信號轉成一調變鮭信號，及一RF(射頻)功率放大器，其可用以將該上轉換混合器產生之一調變RF信號放大，一非線性偵測器，其連接該正向路徑以取樣一基帶信號用以傳送至該上轉換混合器，且可用以偵測該發送器之非線性及提供以回應一信號，以改變該發送器之操作以減少該非線性，及其特徵為該發送器尚包括調節器，其可連接一供應電壓源及該射頻功率放大器以傳送一可變供應電壓至該射頻功率放大器，及一供應電壓控制器，其可用以產生一控制信號，其藉由該供應電壓之調節器而控制調整，其中該非線性偵測器連接該供應電壓控制器，且於偵測到非線性時可用以傳送一控制信號至該供應電壓控制器，其令該供應電壓控制器調整該調節器以增加該供應電壓。
H03G 3/30(2006.01),一種射頻放大電路感測模組，應用於寬頻射頻功率放大器，感測射頻功率放大器的射頻功率輸出之大小，該射頻放大電路感測模組包含兩個射頻訊號輸入端、一個直流電壓輸出端、兩個二極體、兩個阻抗電路、一個二極體組、一個電感，及一個訊號消除電路，該射頻放大電路感測模組主要的目的是，以比例的方式轉換成直流電壓，以提供予無線通訊系統之使用。,1.一種射頻放大電路感測模組，包含：兩個射頻訊號輸入端；一個直流電壓輸出端；兩個二極體，該兩個二極體之陽極彼此連接，該兩個二極體之陰極彼此連接，該直流電壓輸出端與該兩個二極體之陰極連接，其中，該兩個二極體的尺寸不同；兩個阻抗電路，其中之一個阻抗電路串接於該兩個之一個射頻訊號輸入端與該兩個之一個二極體的陽極之間，而另一個阻抗電路則串接於該兩個之另一個射頻訊號輸入端與該兩個之另一個二極體的陽極之間；一個二極體組，該二極體組的陽極端接地，該二極體組的陰極端與該兩個二極體之陽極連接；一個電感，與該二極體組並聯；及一個訊號消除電路，包括一接地電阻，及一接地電容，該訊號消除電路之一端連接該兩個二極體之陰極，該訊號消除電路之另一端接地；其中，該訊號消除電路之接地電容是用於濾除該射頻放大電路感測模組中震盪的電壓波形，以使該直流電壓輸出端輸出直流電壓。
H03G 3/30(2006.01),一種新的功率放大二極體保護電路，包括複數電晶體，及複數二極體，該複數電晶體包含一相互導通的第一端，及一相互導通的第二端，該複數二極體該複數二極體以正極負極連接的方式串接成四列保護模組，每一列保護模組的陽極與該複數電晶體的第二端電性連接，每一列保護模組的陰極與該複數電晶體的第一端電性連接，該功率放大二極體保護電路應用於射頻功率放大器的最後一級之電晶體，使用四列保護模組來達成對於暫態電壓以及靜電破壞之防治效果。,1.一種功率放大二極體保護電路，包括：複數電晶體，包含一相互導通的第一端，及一相互導通的第二端，該複數電晶體的結構為場效電晶體或雙極性電晶體，當該複數電晶體的結構為場效電晶體時，該第一端為源極，該第二端為汲極，當複數電晶體的結構為雙極性電晶體時，該第一端為射極，該第二端為集極；及複數二極體，該複數二極體以正極負極連接的方式串接成四列保護模組，每一列保護模組的陽極與該複數電晶體的第二端電性連接，每一列保護模組的陰極與該複數電晶體的第一端電性連接。
H04B 7/0408(2017.01),一種用於經由多個天線接收波束成形信號的接收器、用於支援波束成形功能的低雜訊放大器以及無線通訊裝置。低雜訊放大器可包含第一電晶體和第二電晶體以及連接到第二電晶體的閘極的可變電容電路。可變電容電路可根據波束成形資訊基於施加於電路的電容控制信號選擇性地改變其電容，其中改變的電容相對應地導致低雜訊放大器的輸出信號的相位變化。針對放大器可在發射信號路徑中採用類似方案以操控發射波束。,1.一種用於經由多個天線接收波束成形信號的接收器，所述接收器包括：第一放大器電路，包括用於放大輸入信號以提供第一放大信號的第一電晶體，所述輸入信號來源於由所述多個天線中的一個所接收的所述波束成形信號的部分；第二放大器電路，包括用於放大所述第一放大信號以產生對應的輸出信號的第二電晶體；以及可變電容電路，用於選擇性地改變其電容以導致所述輸出信號的對應相位變化，其中所述可變電容電路接收基於關於所述波束成形信號的資訊產生的電容控制信號，以及基於所述電容控制信號改變所述可變電容電路的所述電容。
H04B 17/13(2015.01),一種訊號強度指標電路用以偵測功率放大器輸出的輸出訊號的輸出功率，其包含電壓增益電路、電流增益電路、乘法器及緩衝級。電壓增益電路用來在當輸出訊號的電位不大於閾值時，提供第一電壓增益給輸出訊號以產生指標電壓的第一值，及當輸出訊號的電位大於閾值時，提供第二電壓增益給輸出訊號以產生指標電壓的第二值。第一電壓增益大於第二電壓增益。電流增益電路用以依據對應輸出訊號的輸入訊號產生指標電流。乘法器用以將指標電壓與指標電流相乘以產生指標功率。緩衝級用以將指標功率轉換為指標訊號以指示輸出訊號的輸出功率。,1.一種訊號強度指標電路，用以偵測一功率放大器輸出的一輸出訊號的一輸出功率，包含：一電壓增益電路，用來在當該輸出訊號的一電位不大於一閾值時，提供一第一電壓增益給該輸出訊號以產生一指標電壓的一第一值，及當該輸出訊號的該電位大於該閾值時，提供一第二電壓增益給該輸出訊號以產生該指標電壓的一第二值，其中該第一電壓增益大於該第二電壓增益；一電流增益電路，用以依據對應該輸出訊號的一輸入訊號產生一指標電流；一乘法器，用以將該指標電壓與該指標電流相乘以產生一指標功率；及一緩衝級，用以將該指標功率轉換為一指標訊號以指示該輸出訊號的該輸出功率。
H04W 52/04(2009.01),本文中提供用於功率放大器之偏壓切換的裝置及方法。在特定組態中，一功率放大器系統包含：一功率放大器，其提供一射頻(RF)信號之放大；一功率管理電路，其控制該功率放大器之一供應電壓之一電壓位準；及一偏壓控制電路，其加偏壓於該功率放大器。該功率管理電路可在多個供應控制模式中操作，諸如一平均功率追蹤(APT)模式及一包絡追蹤(ET)模式。該偏壓控制電路經組態以基於該功率管理電路之該供應控制模式來切換該功率放大器之一偏壓。,1.一種行動器件，其包括：一功率放大器，其包含經組態以放大一射頻信號之一雙極電晶體，及複數個偏壓網路，該複數個偏壓網路包含電連接至該雙極電晶體之一基極之一第一偏壓網路及電連接至該雙極電晶體之該基極之一第二偏壓網路；一功率管理電路，其經組態以控制該功率放大器之一供應電壓之一電壓位準，該功率管理電路可在選自複數個供應控制模式之一選定供應控制模式中操作；及一偏壓控制電路，其經組態以基於該功率管理電路之該選定供應控制模式來切換該功率放大器之一偏壓，該偏壓控制電路經組態以基於該選定供應控制模式來控制至該第一偏壓網路之一第一參考電流及至該第二偏壓網路之一第二參考電流。
H04B 1/04(2006.01),一種發射電路，包括一功率放大器、一功率放大器前級電路以及一訊號強度調整電路。該功率放大器用以放大一輸入訊號，以輸出一輸出訊號。該功率放大器前級電路用以輸出該輸入訊號。該訊號強度調整電路包括一轉換電路、一判斷電路、一處理電路以及一儲存單元，其中，該判斷電路耦接於該功率放大器的輸入端與該處理電路，該轉換電路用以將該輸出訊號的電壓轉換為一運算值，該處理電路用以根據該運算值以及該儲存單元所儲存的一目標索引值進行運算以得到一差值，並根據該差值調整該輸入訊號，使該輸出訊號的功率維持在一目標功率值。,1.一種發射電路，包括：一功率放大器，用以放大一輸入訊號，以輸出一輸出訊號；一功率放大器前級電路，耦接於該功率放大器的輸入端，用以輸出該輸入訊號至該功率放大器；以及一訊號強度調整電路，包括一轉換電路、一判斷電路、一處理電路以及一儲存單元，其中，該轉換電路耦接於該功率放大器的輸出端，該判斷電路耦接於該功率放大器的輸入端，該處理電路耦接於該功率放大器前級電路、該轉換電路、該判斷電路以及該儲存單元，其中，該轉換電路用以將該輸出訊號的電壓轉換為一運算值，該處理電路用以根據該運算值以及該儲存單元所儲存的複數個索引值中的一目標索引值進行運算以得到一差值，並根據該差值調整該功率放大器前級電路所輸出的該輸入訊號，使該輸出訊號的功率維持在一目標功率值，該判斷電路用以比對該輸入訊號的電壓以及一預設電壓值，以得到一比對結果，並根據該比對結果輸出一判斷訊號至該處理電路，該處理電路更用以根據該判斷訊號的準位以及一暫存值，決定修正或不修正該目標功率值。
H02M 3/04(2006.01),示出了用於向功率放大器供應調製電壓的電源。該電源包括交流（AC）分量生成器、直流（DC）分量生成器和轉變加速器。交流分量生成器根據包絡跟蹤信號產生該調製電壓的交流分量。直流分量生成器根據功率放大器的操作電壓範圍產生調製電壓的直流分量。轉變加速器耦接到直流（DC）分量生成器的輸出端，以加快調製電壓的轉變。,1.一種電源，用於向功率放大器提供調製電壓，其中，該電源包括：交流分量生成器，用於根據包絡跟蹤信號生成該調製電壓的交流分量，其中，該包絡跟蹤信號與該功率放大器的輸入信號的幅度變化有關；直流分量生成器，用於根據該功率放大器的操作電壓範圍生成該調製電壓的直流分量；以及，轉變加速器，耦接該直流分量生成器的輸出端，以加快該調製電壓的轉變。
H04B 1/04(2006.01),一種適用於校準系統的輸出功率線性化方法，其包含以下流程：提供指示訊號至校準系統的發射模組，指示訊號對應於多個理想輸出功率中的目前理想輸出功率，且發射模組依據指示訊號以實際輸出功率輸出射頻訊號；透過校準系統的回授電路自發射模組的輸出端獲取回授訊號，並由回授訊號計算出回授輸出功率；計算目前理想輸出功率與回授輸出功率的輸出誤差；若輸出誤差的絕對值大於回授電路的回授誤差的絕對值，則調整發射模組的目前增益以使實際輸出功率逼近於目前理想輸出功率。,1.一種輸出功率線性化方法，適用於一校準系統，其中該輸出功率線性化方法包含：提供一指示訊號至該校準系統的一發射模組，其中該指示訊號對應於多個理想輸出功率中的一目前理想輸出功率，且該發射模組依據該指示訊號以一實際輸出功率輸出一射頻訊號；透過該校準系統的一回授電路自該發射模組的一輸出端獲取一回授訊號，並由該回授訊號計算一回授輸出功率；計算該目前理想輸出功率與該回授輸出功率之間的一輸出誤差；以及若該輸出誤差的絕對值大於該回授電路的一回授誤差的絕對值，則調整該發射模組的一目前增益以使該實際輸出功率逼近於該目前理想輸出功率。
H03F 1/30(2006.01),本發明揭露一種用於功率放大器的溫度補償電路，其中功率放大器在特定環境溫度下的電路配置資料（其包含輸出端電壓、偏壓電壓、適應性偏壓及匹配阻抗資料）儲存在唯讀記憶體。因此，溫度補償電路可根據溫度感測訊號來讀取電路配置資料，據以調整功率放大器的電路配置，使得功率放大器在輸入功率不變的情況下，當環境溫度在第一區間內變動時，功率放大器的輸出功率的變異率在於第二區間（例如，-10%～+10%）內。因此，本發明的功率放大器可具有穩定的增益。,1.一種溫度補償電路，用於一功率放大器，該功率放大器用於一訊號輸入端輸入一交流訊號以及於一訊號輸出端輸出放大後之該交流訊號，該溫度補償電路包含：一溫度感應器，用來感測該功率放大器的一環境溫度以產生一溫度感測訊號；一可控輸出端電壓產生器，耦接於該功率放大器的該訊號輸出端，用來根據一第一控制訊號，調整提供至該功率放大器的該訊號輸出端的一輸出端電壓；一可控偏壓電壓產生器，耦接於該功率放大器的該訊號輸入端，用來根據一第二控制訊號，提供一偏壓電壓至該功率放大器的該訊號輸入端；一適應性偏壓控制電路，用來產生隨著該交流訊號的功率而適應性地改變的一適應性偏壓以調整該偏壓電壓，該適應性偏壓控制電路耦接於該可控偏壓電壓產生器，更用來根據一第三控制訊號，調整該適應性偏壓隨著該交流訊號的功率而適應性地改變的程度；一可控阻抗匹配電路，耦接於該功率放大器該訊號輸入端或該訊號輸出端，用來根據一第四控制訊號，調整提供該功率放大器的一匹配阻抗；以及一唯讀記憶體，耦接於該溫度感應器、該可控輸出端電壓產生器、該可控偏壓電壓產生器、該適應性偏壓控制電路以及該可控阻抗匹配電路，用來儲存該功率放大器在不同環境溫度下所對應的該輸出端電壓、該偏壓電壓、該適應性偏壓以及該匹配阻抗的資料；其中，該輸出端電壓、該偏壓電壓、該適應性偏壓以及該匹配阻抗的資料用以根據該溫度感測訊號，分別產生該第一控制訊號、該第二控制訊號、該第三控制訊號以及該第四控制訊號，使得在該功率放大器的一輸入功率不變的情況下，當該環境溫度在一第一區間內變動時，該功率放大器的一輸出功率的一變異率在一第二區間內。
H03F 1/32(2006.01),一種設備，包含：輸入變壓器；第一差分電晶體對，組配成接收第一背閘極偏壓；第二差分電晶體對，組配成接收第二背閘極偏壓；一交叉耦合中和帽蓋，包含PMOS或NMOS電晶體且組配成接收第三背閘極偏壓；以及輸出變壓器。一種方法，固定至少一背閘極偏壓以賦予所欲電容至該第一差分電晶體對、該第二差分電晶體對或該中和帽蓋中之至少一者的電晶體。該設備及方法可提供有改良線性及效率的功率放大器。,1.一種功率放大器，包含：輸入變壓器；第一差分電晶體對，包含第一電晶體、第二電晶體、與組配成提供第一背閘極偏壓至該第一電晶體且至該第二電晶體的第一直流(DC)電壓源；第二差分電晶體對，包含第三電晶體、第四電晶體、與組配成提供第二背閘極偏壓至該第三電晶體且至該第四電晶體的第二DC電壓源；中和帽蓋，包含第五電晶體、第六電晶體及第三DC電壓源，其中，該第五電晶體與該第六電晶體交叉耦合，該第五電晶體為NMOS電晶體，該第六電晶體為NMOS電晶體，且該第三DC電壓源組配成提供第三背閘極偏壓至該第五電晶體及該第六電晶體；以及輸出變壓器。
H03F 3/20(2006.01),本發明提供具有經由消除頻帶選擇切換器所增加的效率的多頻帶功率放大系統。在一些實施例中，一種功率放大系統可包括複數個功率放大器(PA)，其中每一PA經組態以接收一頻帶中之一射頻(RF)信號且放大該射頻(RF)信號。該功率放大系統可進一步包括一輸出濾波器，該輸出濾波器藉由一單獨輸出路徑耦接至該等PA中之每一者，以使得該功率放大系統在該複數個PA與其對應輸出濾波器之間實質上不含一頻帶選擇切換器。每一PA可經進一步組態以藉由(例如)用一高壓(HV)供應操作之該PA近似地驅動該對應輸出濾波器之一特性負載阻抗。,1.一種功率放大系統，其包含：複數個功率放大器，每一功率放大器經組態以放大在一各別頻帶中之一信號；及一輸出濾波器，其藉由一單獨輸出路徑耦接至每一功率放大器，該輸出濾波器具有一負載阻抗，及對應之功率放大器經組態以在一高壓中以一平均功率追蹤模式操作而提供近似地相同於該輸出濾波器之一負載阻抗的一阻抗，以使得該功率放大系統在該複數個功率放大器與其對應輸出濾波器之間實質上不含一頻帶選擇切換器，因而在每一功率放大器與該對應輸出濾波器之間減少至少0.3dB之損失。
G10K 15/00(2006.01),本發明提供了一種揚聲器的信號處理方法和揚聲器電路。揚聲器的信號處理方法包括：接收多個封包，其中該多個封包對應於至少兩個音訊訊框，每一音訊訊框具有至少兩個封包，且每一封包具有指示該封包在多個封包中的順序的序號；對多個封包進行排序以生成重新排序的封包；以及將重新排序的封包輸出以重新生成至少兩個音訊訊框。通過本發明，可以無需丟棄許多具有不連續序號的封包，並且可以不間斷地播放高品質的聲音。,1.一種揚聲器的信號處理方法，包括：接收多個封包，其中該多個封包對應於至少兩個音訊訊框，每一音訊訊框具有至少兩個封包，且每一封包具有指示該封包在該多個封包中的順序的序號；對該多個封包進行排序以生成重新排序的封包；以及輸出該重新排序的封包用以重新生成該至少兩個音訊訊框。
G02C 11/06(2006.01),本發明涉及一種用於輸出音訊資訊的眼鏡（1），所述眼鏡具有鏡腳（2），所述鏡腳包括至少一個揚聲器，其中鏡腳（2）在正常佈置在指定的耳朵上的情況下與耳孔（7）間隔一定距離，使得揚聲器所產生的聲波通過周圍環境傳遞至所述間隔一定距離的耳孔（7）。根據本發明，所述揚聲器為超聲揚聲器（8）。所述眼鏡（1）還具有將所述超聲揚聲器（8）包括的參數化音訊單元（5），其用於產生指向耳朵的可聽的聲束（6）。,"1.一種具有參數化音訊單元的眼鏡(1)，用於輸出音訊資訊，所述眼鏡(1)具有鏡腳(2)，所述鏡腳包括至少一揚聲器，其中，所述鏡腳(2)在正常佈置在指定的耳朵上的情況下與耳孔(7)間隔一定距離，使得所述至少一揚聲器所產生的聲波通過周圍環境傳遞至間隔一定距離的所述耳孔(7),其中，所述至少一揚聲器為超聲揚聲器(8)，以及所述眼鏡(1)具有包括所述超聲揚聲器(8)的參數化音訊單元(5)，其用於產生指向所述耳朵的可聽的聲束(6)。"
B06B 1/06(2006.01),一種行動裝置包括位於顯示屏下方的一個或多個壓電聚合物層。該一個或多個壓電聚合物層可被電驅動以在d33拉伸模式或d31彎曲模式中操作。行動裝置在d33拉伸模式中用作超聲感測器，而在d31彎曲模式中用作音訊揚聲器/麥克風或近接感測器。在d31彎曲模式中操作的壓電聚合物層可被直接地機械耦合到顯示屏、間接地機械耦合到顯示屏並位於超聲感測器堆疊下方、或被整合到超聲感測器堆疊中。在d31彎曲模式中操作的壓電聚合物層之信號性能可通過具有大面積、多個層、運用多個層的雙極或單極驅動、一種或多種剛性黏合劑、間隔層、一個或更多質量特徵、薄TFT層、厚壓電聚合物層、或其組合來增強或調變。,1.一種行動裝置，包含：壓板；該壓板下方的顯示屏；該顯示屏下方的薄膜電晶體（TFT）層；與該TFT層毗鄰並耦合到該TFT層的壓電聚合物層；以及與該壓電聚合物層毗鄰並耦合到該壓電聚合物層的電極層，其中該壓電聚合物層位於該電極層與該TFT層之間；其中該壓電聚合物層被組態以產生聲波並在d33拉伸模式及d31彎曲模式中操作，其中該d33拉伸模式在約1MHz與約100MHz之間的第一頻率範圍中作為超聲感測器來操作，並且其中該d31彎曲模式在（1）約20kHz與約1MHz之間的第二頻率範圍中操作以充當近接感測器或者在（2）約20Hz與約20kHz之間的第三頻率範圍中操作以充當音訊揚聲器或麥克風。
G10K 9/00(2006.01),本發明公開了一種振膜組件、揚聲器模組和電子設備，振膜組件包括振膜本體和中貼板，振膜本體包括第一振膜本體和第二振膜本體，第一振膜本體具有第一孔，中貼板包括第一中貼板，第二振膜本體至少部分地遮擋第一孔，第一中貼板與第一振膜本體和第二振膜本體分別連接；通過將第一中貼板設置為封閉結構，或中貼板包括第二中貼板並使第二中貼板與第二振膜本體連接，使得揚聲器模組的中頻和高頻曲線更加平滑，有效地改善中高頻音質，同時，振膜組件的結構緊湊，有利於揚聲器模組和電子設備的小型化。,1.一種振膜組件，其特徵係包含：振膜本體，包括第一振膜本體(11)和第二振膜本體(21、22)，該第一振膜本體(11)具有第一孔(111)，該第二振膜本體(21、22)至少部分地遮擋該第一孔(111)；以及中貼板，與該振膜本體連接，該中貼板包括第一中貼板(31、32)，該第一中貼板(31、32)與該第一振膜本體(11)和該第二振膜本體(21、22)連接，該第一中貼板(31、32)為封閉結構。
H04R 1/20(2006.01),系統和方法包括複數個音頻輸入組件，其構造成產生複數個音頻輸入訊號；及一邏輯裝置，其構造成接收該等複數個音頻輸入訊號，判斷該等複數個音頻訊號是否包含與一音頻源相關聯的目標音頻，基於該等複數個音頻訊號以及該等音頻訊號是否包含該目標音頻之一判斷，估計該音頻源相對於該等複數個音頻輸入組件的一相對位置，並基於所述估計的相對位置，藉由增強該目標音頻來處理該等複數個音頻訊號以產生一音頻輸出訊號。該邏輯裝置更構造成使用相對的基於傳輸的共變異數(Covariance)來建構跨頻帶對齊的指向性共變異數矩陣，並找到一方向，該方向遵循無失真準則將波束功率最小化。,1.一種方法，其包含：從複數個音頻輸入組件接收一多聲道音頻訊號；判斷該多聲道音頻訊號是否包含與一音頻源相關聯的目標音頻；基於該多聲道音頻訊號以及該多通道音頻訊號是否包含該目標音頻之一判斷，估計該音頻源相對於該等音頻輸入組件的一相對位置；及基於該所估計的相對位置，藉由增強該多聲道音頻訊號中的該目標音頻，處理該多聲道音頻訊號以產生一音頻輸出訊號。
H04R 5/04(2006.01),揭示由一演算法組態以防止或限制一揚聲器過度偏移之系統及裝置。所揭示之演算法係具高運算效率的，因為該演算法係利用一音訊信號與一揚聲器之偏移之間的一關係，該偏移存在於低於一揚聲器之一自諧振的低頻。所揭示之演算法組合該低頻偏移保護與一高頻、暫態偏移保護。經組合方法允許該暫態偏移保護以使用比以其他方式可能更短的延遲。該較短延遲允許一壓縮器在由該暫態音訊信號所造成的該揚聲器之一動量成長太大而無法控制之前，施加衰減至一暫態音訊信號。,1.一種計算裝置，其包含：一揚聲器，其經組態以根據一音訊信號而移動；及一處理器，其係藉由軟體指令組態以執行用以限制該揚聲器之移動以低於一最大偏移之一方法，該方法包括：接收該音訊信號；將一低頻偏移保護施加於該音訊信號，該低頻偏移保護包括：判定該揚聲器之一移動的一次諧振偏移預測；比較該次諧振偏移預測與該最大偏移；及當該次諧振偏移預測滿足一偏移條件時，調整該音訊信號；及在將該低頻偏移保護施加於該音訊信號之後，將一暫態偏移保護施加於該音訊信號，該暫態偏移保護包括：判定該揚聲器之該移動的一瞬間偏移預測；比較該瞬間偏移預測與該最大偏移；及當該瞬間偏移預測滿足一偏移條件時，調整該音訊信號。
G10L 21/02(2013.01),一種消除特定對象語音之方法及應用其之耳戴式音訊裝置。耳戴式音訊裝置包括數個收音單元、一語音方向追蹤單元、一方向加強單元、一視窗切割單元、一聲紋辨識單元、一語音消除單元及二揚聲器。此些收音單元陣列式排列，以取得一聲音訊號。語音方向追蹤單元用以追蹤數個聲源，以獲得數個聲源方向。聲紋辨識單元確認聲音訊號在各個聲源方向是否含有一特定對象語音。若聲音訊號在此些聲源方向之其中之一含有特定對象語音，則語音消除單元以一波束成型技術調整一場型，以消除特定對象語音。,1.一種具特定對象語音消除機制之耳戴式音訊裝置，包括：複數個收音單元，該些收音單元陣列式排列，以取得一聲音訊號；一語音方向追蹤單元，用以追蹤複數個聲源，以獲得複數個聲源方向；一方向加強單元，用以調整該些收音單元，以對該些聲源方向進行加強；一視窗切割單元，用以對該聲音訊號切割出複數個視窗；一聲紋辨識單元，用以於各該視窗進行聲紋辨識，以確認該聲音訊號在各該聲源方向是否含有一特定對象語音；一語音消除單元，若該聲音訊號在該些聲源方向之其中之一含有該特定對象語音，則該語音消除單元以一波束成型技術（beamforming）調整一場型，以消除該特定對象語音；以及二揚聲器，用以對一左耳及一右耳輸出已消除該特定對象語音之該聲音訊號。
H04N 5/44(2011.01),"多媒體內容的播放方法包含有:接收多媒體內容;對多媒體內容進行播放;偵測使用者狀態並據以產生偵測結果;以及當偵測結果指示使用者狀態有所變化時,調整多媒體內容的播放。多媒體內容的播放裝置包含有:接收功能方塊、播放功能方塊以及偵測功能方塊。接收功能方塊用以接收多媒體內容。播放功能方塊耦接於接收功能方塊,用以對多媒體內容進行播放。偵測功能方塊耦接於播放功能方塊,用以偵測使用者狀態並據以產生偵測結果。當偵測結果指示使用者狀態有所變化時,播放功能方塊會調整多媒體內容的播放。",1.一種應用於一多媒體內容的播放方法，包含有：接收該多媒體內容；對該多媒體內容進行播放；偵測一使用者狀態，並據以產生一偵測結果；以及當該偵測結果指示該使用者狀態具有一變化時，調整該多媒體內容的播放。
H04N 5/44(2011.01),多媒體內容的播放方法包含有：接收多媒體內容；對多媒體內容進行播放；偵測使用者狀態並據以產生偵測結果；以及當偵測結果指示使用者狀態有所變化時，調整多媒體內容的播放。多媒體內容的播放裝置包含有：接收功能方塊、播放功能方塊以及偵測功能方塊。接收功能方塊用以接收多媒體內容。播放功能方塊耦接於接收功能方塊，用以對多媒體內容進行播放。偵測功能方塊耦接於播放功能方塊，用以偵測使用者狀態並據以產生偵測結果。當偵測結果指示使用者狀態有所變化時，播放功能方塊會調整多媒體內容的播放。,1.一種應用於一多媒體內容的播放方法，包含有：接收該多媒體內容；對該多媒體內容進行播放；偵測一使用者狀態，並據以產生一偵測結果；以及當該偵測結果指示該使用者狀態具有一變化時，自動地調整該多媒體內容的播放。
H04R 1/02(2006.01),本創作揚聲系統整合裝置包括喇叭音箱單元及吊架單元，其中該喇叭音箱單元，具有低、中、高全頻音效，其至少包含第一喇叭音箱及第二喇叭音箱，該吊架單元設置於該喇叭音箱單元之至少一側，至少包含能夠層疊之第一吊架與第二吊架以及位於該第一吊架及該第二吊架之間自動定位機構，該第一吊架及該第二吊架分別設置於該第一喇叭音箱及該第二喇叭音箱之至少一側，藉由位於該第一吊架及該第二吊架層疊交接之軸線上之該軸接孔能夠使該開角依需求調整至適當角度以精準地控制音源擴散的角度，達到較佳的輸出效率的效果。,1.一種揚聲系統整合裝置，包括：一喇叭音箱裝置，具有低、中、高全頻音效，其至少包含第一喇叭音箱及第二喇叭音箱；以及一吊架單元，設置於該喇叭音箱裝置之至少一側，至少包含能夠層疊之第一吊架及第二吊架，以及位於該第一吊架及該第二吊架之間之自動定位機構，其中：該第一吊架，具有一第一內框及一第一外框，該第一外框架設於該第一內框之表面，且設有軸接孔，該軸接孔係位於該第一吊架及該第二吊架層疊交接之軸線上；該第二吊架，層疊於該第一吊架下方，具第二內框及第二外框，該第二外框架設於該第二內框之表面，該第二吊架樞設於該第一吊架的軸接孔，該第二吊架相對移動於該第一吊架而於兩者間形成一開角；該自動定位機構，該自動定位機構設於該開角處以提供該開角之大小調整；是以，藉由該軸接孔設於該第一吊架及該第二吊架層疊交接之軸線上，能夠使該開角依需求調整至適當大小以精準地控制音源擴散的角度，達到較佳的輸出效率的效果。
H04R 1/26(2006.01),一種揚聲系統，包括一音訊接收界面、一調變電路、一相位控制電路，以及複數個揚聲單元。其中該音訊接收界面用以接收一音訊；該調變電路耦接於該音訊接收界面，用以調變該音訊之一低頻成份以產生一調變訊號；該相位控制電路耦接該調變電路和該音訊接收界面，用以接收該調變訊號及該音訊之一高頻成份以控制至少下列兩者其中之一：該調變訊號之一相位、該音訊之該高頻成份之一相位；該等揚聲單元耦接該相位控制電路，用以依照該相位控制電路所提供之訊號產生聲波。,1.一種揚聲系統，包括：一音訊接收界面，用以接收一音訊；一調變電路，耦接於該音訊接收界面，用以調變該音訊之一低頻成份以產生一調變訊號；一相位控制電路，耦接該調變電路和該音訊接收界面，用以接收該調變訊號及該音訊之一高頻成份以控制至少下列兩者其中之一：(1)該調變訊號之一相位；以及(2)該音訊之該高頻成份之一相位；以及；複數個揚聲單元，耦接該相位控制電路，用以依照該相位控制電路所提供之訊號產生聲波。
H04R 5/02(2006.01),本創作為有關一種數位揚聲系統，係將至少一條以上之數位訊號傳輸線，連接於音源訊號主機與至少一個以上之數位揚聲器之間，其它條數位訊號傳輸線則係以該其中至少一個以上之數位揚聲器為主體，再連接於其它個數位揚聲器之間，以形成漣波式數位揚聲器之數位揚聲系統，使得音源訊號主機所輸入之數位電子音訊，可經數位揚聲器之內部處理將聲音播放出，或將截取之部分或全部之數位電子音訊，透過數位訊號傳輸線傳送至下一個數位揚聲器；而藉此一漣波安裝方式，除了可簡化揚聲系統在聲音聆聽空間之複雜度，以大幅減少數位訊號傳輸線材之使用量外，並可達到降低訊號損失及訊號強度衰減，同時，更有低傳輸損耗及高能源使用之效率。,1.一種數位揚聲系統，係由至少一個以上之數位揚聲器及至少一條以上之數位訊號傳輸線所組成，其中至少一條以上之數位訊號傳輸線，係連接於音源訊號主機與其中至少一個以上之數位揚聲器之間，其它條數位訊號傳輸線則係以該其中至少一個以上之數位揚聲器為主體，再連接於其它個數位揚聲器之間，以形成一進一出之漣波式數位揚聲器之數位揚聲系統，數位揚聲器內係包括：音訊接收器，用以接收音源訊號主機輸入之數位電子音訊、數位光音訊或類比音訊，並轉換為數位電子音訊；數位音訊處理器，用以接收數位電子音訊，且將部分或全部之數位電子音訊截取出，並分別進行二個傳送動作；數位音訊放大器，用以接收數位音訊處理器所傳送之一傳送動作，以將數位電子音訊放大；數位/類比轉換器，用以接收數位音訊放大器所傳送之放大電子音訊，且轉換成類比音訊；電源裝置，用以將數位/類比轉換器所轉換成之類比音訊複合電源；至少一個以上內含喇叭單體之擴音裝置，用以接收電源裝置換成之類比音訊複合電源，並將聲音播放出。
H04R 1/08(2006.01),本創作為有關一種防止突波之彈波結構，其主要是使用於揚聲系統之彈波結構，係於彈波本體表面連接有對稱設置之補強體，並於彈波本體與補強體間結合有導線且配合有相對應之接合手段固定，進而可防止導線於拆裝時、長時間振動或受外力不當拉扯而脫落、位移，且彈波本體與補強體皆為一彈性材質所交叉編織而成，並使彈波本體之編織紋路與補強體之編織紋路相互呈約45度或特定角度之方向交錯，即可增加其耐振動之結構強度，以防止其彈波本體因長時間振動後而產生表面突起或高低不平之情形產生。,1.一種防止突波之彈波結構，尤指一種使用於揚聲系統之彈波結構，係於彈波本體表面連接有補強體，且彈波本體與補強體皆為一彈性材質所交叉編織而成，並於彈波本體與補強體間結合有導線且配合有相對應之接合手段固定。
H04R 5/02(2006.01),『漣波式數位揚聲系統』是一種透過漣波式數位揚聲裝置提供以數位訊號串接揚聲裝置組成的聆聽音場系統，可將漣波式數位揚聲裝置外接或內建於揚聲器音箱。該數位或類比音源訊號傳送至漣波式數位揚聲裝置後會進行二項訊號處理動作：一為接收音源訊號後轉換為數位電子訊號，截取部份或全部本揚聲裝置欲播放之音訊資料，經放大後進行數位/類比轉換載入電源，推動喇叭播放聲音；二為由本裝置截取部份或全部音源訊號並以數位訊號或轉換為光訊號傳送至下一揚聲裝置。,1.一種漣波式數位揚聲系統，包括：一或多數個漣波式數位揚聲裝置；一或多數個數位訊號傳輸線，其係連接於漣波式數位揚聲裝置之間。
H04R 7/00(2006.01),一種用於汽車揚聲系統而帶有一個矩形或正方形凹形薄膜之極低頻傳感器或次低音擴聲器係在此揭示。正方形周圍較佳係被尺寸設計成與揚聲器外殼或音箱的前方大致具有共同空間。以此方式，在次低音擴聲器中的空氣量係能夠在一個給定尺寸的空間中得以最大化，並如此能夠使揚聲器之響度得以最大化。傳感器係典型地包括有一個構架或框架而帶有一個正方形的前方部分來支承隔膜的外圍。較佳的隔膜係包括有一個凸形周圍而帶有起摺的角落。為了提昇耐久性，桁架係被形成在隔膜中。,1.一種極低頻傳感器，其係包括有：一個框架，其係具有一個矩形的前方部分；一個凹形薄膜，其係帶有一個矩形外圍，此矩形外圍之尺寸係被設計成能夠被支承於該框架之前方部分之中，並且係被支承以進行軸向移動；一個驅動組件，其係為藉由該框架所支承者，包括有一個永久磁鐵以及一個被聯結至該隔膜之往復支承式音圈，該音圈係被連接至一個信號源，藉此該驅動組件係適於將來自於該信號源之信號轉換成為該隔膜之往復軸向移動，用以產生極低頻的聲音。
H04R 1/00(2006.01),將來自設置於電視單元（ televisim  set ）的左用、右用的各正面（ front ）揚聲（ speaker ）的聲音Ａ向正面方向方出，另一方面，分別對設置於電視單元的左右各側面的側面揚聲器設置相對於各揚聲器振動板的片面部的前方的略半圓錐形的反射部材，並由側面揚聲器向正面方向放射聲音Ｂ。加上放射自左用、右用的各正面揚聲器的正面方向的聲音Ａ，在與此聲音Ａ的音放射位置的前後及上下不同的位置，使前述側面揚聲器的聲音Ｂ放射向正面方向。而且，將來自於不與前述反射部材相對的左右側面揚聲器的各揚聲器振動板的另一方的片面部的放射聲音Ｃ放射到電視單元的左右的外側面，而構成此創作。在將同一的左頻道 （ channel ） 信號輸入到左側的正面揚聲器及左側的側面揚聲器，並將右頻道信號輸入到右側的正面揚聲器及右側的側面揚聲器的場合，左、右的各側均是將同一信號從３個音放射部放射做為聲音Ａ、Ｂ、Ｃ，除了能夠改善左右音的分離（ separatin ）性能之外， 也能夠產生具有深度感、擴散感及立體感的聲音。,1.一種電視單元的揚聲器系統，其特徵係具有：配置於電視單元(11)內部的第1揚聲器(14)，及將放音到此第1揚聲器(14)的振動板的前面部的聲音引導到前述電視單元(11)的正面方向並放射的音響導波管，及，配設於前述電視單元(11)的側面而且其聲音放射位置係與前述第1揚聲器(14)的聲音放射位置在前後及上下都是不同的位置；且具有用以將聲音放射擴散到前述側面的前面的略圓錐形狀的反射部材(33)；而且將聲音放射到前述電視單元(11)的前面的第2揚聲器(20)。
B25H 3/04(2006.01),本創作係提供一種套筒防盜吊牌，其係一扣具，包含有：一主體；一連接件，具有由該主體向下延伸、並呈併列之二結合片；一彎曲片，設於該二結合片之間，並具有二限位端，該二限位端分別連接該二結合片之內壁面；一限位桿，其固定端與該彎曲片之該彎曲部連接，而其連接端與該主體底緣連接。當該扣具之連接件扣接一套筒之接孔時，該二結合片受該彎曲片之限位端所限制，使至少一結合片外側面之凸部與套筒之接孔的孔壁扣接，使套筒受該吊牌扣住。以工具將該限位桿與該本體分離，始能將該套筒自該扣具取下。,1.一種套筒防盜吊牌，其係一扣具，包含有：一主體；一連接件，包含二結合片與一限位空間，該二結合片係由該主體向下延伸，並呈併列；該限位空間係形成於該二結合片之間；至少一結合片之外側面設置一凸部；一彎曲片，位於該連接件之該限位空間內，具有二限位端，分別連接該連接件之該二結合片之內壁面，使該二結合片受該二限位端所限制；該彎曲片於該二限位端之間具有一彎曲部；以及一限位桿，位於該連接件之該限位空間內，係具有一固定端與一連接端，該固定端與該彎曲片之該彎曲部連接，該連接端與該主體底緣連接。
B25H 3/04(2006.01),本創作提供一種工具吊卡，包含有一透明管體及一蓋體。該透明管體圍構有一容置空間並於一端形成有開口；該蓋體從該透明管體於該開口之一端延伸而成，該蓋體可相對該透明管體活動而選擇性地遮閉或未遮閉該開口，該蓋體具有一吊掛部。藉此，可將一工具置入透明管體之容置空間，並利用蓋體將透明管體遮閉，而透明管體之結構對於該工具有良好的保護阻隔作用，避免有心人士盜取該工具，防盜效果佳，同時，透明管體具有良好的展示效果，方便消費者能直接檢視觀察工具的形狀外觀。,1.一種工具吊卡，包含：一透明管體，圍構有一容置空間並於一端形成有一開口；一蓋體，從該透明管體於該開口之一端延伸而成，該蓋體可相對該透明管體活動而選擇性地遮閉或未遮閉該開口，該蓋體具有一吊掛部。
B25H 3/02(2006.01),本發明係一種工具箱連結裝置，其係包括有上箱體、下箱體以及連結兩箱體之連接件組成，該上、下箱體以該連接件得以相對閉合與掀開型態，當上、下箱體以連接件相對閉合型態時，該連接件不會突出兩箱體外側，所以本發明工具箱連結處有平整結構，進而得以站立型態擺放，不會有習知工具箱因突出結構導致無法站立擺放，而在堆疊排列工具箱或與其它雜物收納時，確實能提供站立擺放型態不會佔據收納空間。,1.一種工具箱連結裝置，其包括有一上箱體、一下箱體以及一連結兩箱體之連結件，其中：該上、下箱體一側各成形有一容置槽，並於該容置槽相對槽面各成形有一凸柱，且該凸柱與該容置槽槽底之間具有空隙；該連接件樞設於該上、下箱體兩者的容置槽內，且該連接件端部設有一供凸柱樞設之樞轉槽；據此，該上、下箱體以連接件樞轉閉合，同時該連接件位於該上、下箱體的容置槽內，且該空隙供該樞轉槽槽壁閃避容置。
H05K 5/02(2006.01),本申請提供一種鎖扣機構與具有鎖扣機構的主機殼，包括固定件，用以設於第一部件上；限位件，用以設於第二部件上；推拉件，可移動地設於固定件內，推拉件設有滑槽；鎖止結構，包括：第一活動件，包括第一端和第二端，第一端可轉動地設於固定件上，且第一端設有限位凸部，第二端活動設於滑槽內；當推拉件從固定件中抽出或推拉件被推入固定件中時，第二端在滑槽內沿相反的方向移動，第一端沿相反的方向轉動，以使限位凸部脫離或鎖固於限位件。,1.一種鎖扣機構，用於將第一部件鎖固於第二部件上，其中，包括：固定件，用於設於該第一部件上；限位件，用於設於該第二部件上；推拉件，可移動地設於該固定件內，該推拉件設有滑槽；和鎖止結構，包括：第一活動件，包括第一端和第二端，該第一端可轉動地設於該固定件上，且該第一端設有限位凸部，該第二端活動設於該滑槽內；當該推拉件從該固定件中抽出或該推拉件被推入該固定件中時，該第二端在該滑槽內沿相反的方向移動，該第一端沿相反的方向轉動，以使該限位凸部脫離或鎖固於該限位件。
F16B 1/02(2006.01),本發明揭露一種連接組件，應用於連接一第一殼體及一第二殼體。連接組件包括一通用連接件、一連接座以及一夾持件。通用連接件連接於第一殼體。通用連接件包括一容置部及至少一開口。容置部位於通用連接件的內部。開口設置於通用連接件的一側壁，且開口與容置部連通。連接座設置於第二殼體。連接座包括一本體，本體容置於通用連接件的容置部。夾持件包括一平面部及至少一夾持部。平面部設置於通用連接件的一頂部。夾持部自平面部的一端往連接座的方向延伸，夾持部穿過開口並抵接至連接座的本體。,1.一種連接組件，應用於連接一第一殼體及一第二殼體，該連接組件包括：一通用連接件，連接於該第一殼體，該通用連接件包括：一容置部，位於該通用連接件的內部；及至少一開口，設置於該通用連接件的一側壁，且該開口與該容置部連通；一連接座，設置於該第二殼體，該連接座包括一本體，該本體容置於該通用連接件的該容置部；以及一夾持件，包括：一平面部，設置於該通用連接件的一頂部；及至少一夾持部，自該平面部的一端往該連接座的方向延伸，該夾持部穿過該開口並抵接至該連接座的該本體。
F16B 13/06(2006.01),本發明公開了一種連接組件及連接系統，連接組件包括第一連接件、第一緊固件及第二連接件，第一連接件包括托部及設於托部上的插接部，插接部具有相對置的安裝側面及連接側面，插接部的背離托部的一端形成有凸台；第一緊固件穿設於安裝側面及連接側面；第二連接件的外側面上形成有與插接部配合嵌套的滑槽，滑槽的下端內側貫穿第二連接件的底部，第二連接件通過滑槽滑動嵌套於插接部上，滑槽的上端內側形成有插孔；凸台插設於插孔內。根據本發明的連接組件解決現有的層板托存在層板與櫃體的側板之間容易出現空隙或層板容易掉落的技術問題。,1.一種連接組件，包括：第一連接件，所述第一連接件包括托部及設於所述托部上的插接部，所述插接部具有相對置的安裝側面及連接側面，所述插接部的背離所述托部的一端形成有至少一個凸台；第一緊固件，所述第一緊固件穿設於所述安裝側面及所述連接側面；以及第二連接件，所述第二連接件的外側面上形成有與所述插接部配合嵌套的滑槽，所述滑槽的下端內側貫穿所述第二連接件的底部，所述第二連接件通過所述滑槽滑動嵌套於所述插接部上，所述滑槽的上端內側形成有插孔；其中，所述凸台的至少一部分插設於所述插孔內。
F16B 13/06(2006.01),本發明公開了一種第一連接件、連接組件及連接系統，第一連接件包括托部及設於托部上的插接部，插接部具有相對置的安裝側面及連接側面，連接側面上形成有沿橫向延伸的調節槽，調節槽的槽底貫穿安裝側面，調節槽用於供第一緊固件可轉動地穿過；調節槽沿橫向的長度尺寸大於調節槽沿縱向的寬度尺寸。連接組件包括第一連接件及第一緊固件；或者，連接組件包括第一連接件、第一緊固件及第二連接件。根據本發明的連接組件解決現有的層板托容易因安裝位置誤差而導致層板與櫃體裝配失敗、或層板和櫃體的側板之間的相對位置出現偏差的技術問題。,1.一種第一連接件，其特徵在於，所述第一連接件包括托部及設於所述托部上的插接部，所述插接部具有相對置的安裝側面及連接側面，所述連接側面上形成有沿橫向延伸的調節槽，所述調節槽的槽底貫穿所述安裝側面，所述調節槽用於供第一緊固件可轉動地穿過；其中，所述調節槽沿橫向的長度尺寸大於所述調節槽沿縱向的寬度尺寸。
F16B 39/36(2006.01),本發明公開了一種帶錐度環的鎖緊螺母及鎖緊螺母的拆裝方法，帶錐度環的鎖緊螺母包括螺母本體，所述螺母本體的內表面設有內螺紋；其特徵在於：所述螺母本體的一端設有沿軸向延伸且同軸的錐形圓環，螺母本體的內螺紋延伸至錐形圓環的內表面，且螺母本體的內徑與錐形圓環的內徑相等；所述錐形圓環的外表面設有朝螺母本體後方傾斜的楔形面；包括錐度環；所述錐形圓環的內表面設有與所述楔形面適配的斜面，通過錐度環套設於錐形圓環並將錐度環與螺母本體鎖緊，進而使錐形圓環的內螺紋抱緊鎖緊於連接件的外螺紋。本發明降低了鎖緊螺母在強力震動環境中出現鬆動的可能性，提高鎖緊效果。,1.一種帶錐度環的鎖緊螺母，包括螺母本體，所述螺母本體的內表面設有內螺紋；其特徵在於：所述螺母本體的一端設有沿軸向延伸且同軸的錐形圓環，所述螺母本體的內螺紋延伸至所述錐形圓環的內表面，且所述螺母本體的內徑與所述錐形圓環的內徑相等；所述錐形圓環的外表面設有朝所述螺母本體後方傾斜的楔形面；包括錐度環；所述錐形圓環的內表面設有與所述楔形面適配的斜面，通過所述錐度環套設於所述錐形圓環並將所述錐度環與所述螺母本體鎖緊，進而使所述錐形圓環的內螺紋抱緊鎖緊於連接件的外螺紋。
F16B 17/00(2006.01),本發明係為一種扣件結構，其一端設有連接部，其包含活動部及一側設置連接件，活動部之一側設有第一磁性件，其包含：扣件部係包含殼體，殼體一端設置限制件，限制件之一端設有第一開口，殼體之另一端設置第一固定部及相對於設置之第二固定部，轉動部以轉軸樞接於第一固定部及第二固定部上，轉動部一底部設置第二磁性件，殼體之下方對應第二磁性件設置第三磁性件，轉動部之一端設置第四磁性件。,1.一種扣件結構，其一端設有一連接部，該連接部包含一活動部及一側設置一連接件，該活動部之一側設有一第一磁性件，其包含：一扣件部，其係包含一殼體，該殼體一端設置一限制件，該限制件之一端設有一第一開口，該殼體之另一端設置一第一固定部及相對於設置之一第二固定部；以及一轉動部，其係以二轉軸樞接於該第一固定部及該第二固定部上，該轉動部一底部設置一第二磁性件，該殼體之下方對應該第二磁性件設置一第三磁性件，該轉動部之一端設置一第四磁性件；其中，該連接部之該活動部轉動並帶動該連接件卡合於該第一開口內，同時調整該轉動部轉動，使該轉動部之該第四磁吸元件抵接該連接部之該第一磁吸元件並磁吸固定，使該連接部固定於該限制件。
F16B 5/02(2006.01),本發明公開一種第一連接件、連接元件及連接系統，第一連接件包括第一連接件本體，第一連接件本體的一端凸出形成有連接凸台，第一連接件本體的另一端設有安裝部，安裝部用於鎖緊在第一構件的第一安裝孔內，第一連接件本體在連接凸台與安裝部之間固定設有操作部，操作部與連接凸台相對間隔設置以形成有連接凹槽，操作部用於被外部工具驅動以帶動第一連接件本體的至少一部分轉動，操作部的外側壁上具有至少一操作平面或操作孔或操作凸點或操作凹槽，或，操作部的橫截面適配於套筒的橫截面，傢俱成品根據連接元件進行連接後能夠提高隱形性。,1.一種第一連接件，所述第一連接件用於與第二連接件配合使用以實現第一構件與第二構件連接，或，所述第一連接件用於與第三連接件及螺紋緊固件配合使用以實現第一構件與第二構件連接，其特徵在於，所述第一連接件包括第一連接件本體，所述第一連接件本體的一端凸出形成有連接凸台，所述第一連接件本體的另一端設有安裝部，所述安裝部用於鎖緊在第一構件的第一安裝孔內，所述第一連接件本體在所述連接凸台與所述安裝部之間固定設有操作部，所述操作部與所述連接凸台相對間隔設置以形成有連接凹槽，所述操作部用於被外部工具驅動以帶動所述第一連接件本體的至少一部分轉動；
F16B 5/00(2006.01),本發明為有關一種浮動式定位裝置及應用該浮動式定位裝置之散熱模組，該浮動裝置於基座內部鏤空狀之容置空間內、設置有尺寸小於容置空間之浮動件，且於基座的二相對表面分別罩覆二相對式之第一夾持件、第二夾持件，而第一夾持件、第二夾持件分別設有第一通孔、第二通孔對位於容置空間，再於浮動件一側表面設置固定結構對位於第一夾持件之第一通孔處，並可應用至少二組或二組以上之浮動式定位裝置、分別裝設於散熱模組的至少二相對側邊之銜接部處，達到方便調整浮動式定位裝置進行組裝之目的。,1.一種浮動式定位裝置，係包括基座、浮動件、二相對式之夾持件及固定結構，其中：
H04N 19/146(2014.01),本申請提供一種圖像編解碼方法及裝置，涉及視頻編解碼領域，可以用於避免碼串流溢出。具體方法包括：基於待解碼區塊的碼串流，確定待解碼區塊對應的圖像區塊是否採用回退模式，其中，圖像區塊待解碼區塊的碼長小於或等於待解碼區塊的最大碼長，最大碼長為碼串流緩衝器中允許緩存的最大碼串流長度。在待解碼區塊對應的圖像區塊採用回退模式時，獲取第一固定碼長，第一固定碼長為一個待解碼子區塊的碼長，待解碼區塊中包括一個或多個待解碼子區塊；基於第一固定碼長對碼串流進行解析，以解碼所述待解碼區塊。,
F16B 41/00(2006.01),本案提供一種安全鉸鎖裝置，適用於具側壁的鎖孔。安全鉸鎖裝置包括殼體、本體與彈性件。殼體包括容置空間、頂面、底面、嚙合孔與槽口。嚙合孔嵌設於頂面，嚙合孔連通至容置空間，容置空間貫穿底面。槽口設置於頂面與底面之間。本體容置於容置空間，且具容置座。彈性件夾設於殼體與本體間，且包括固定部與彈性部。固定部對應容置於容置座，彈性部透過對應槽口凸伸外露於殼體。當殼體置入鎖孔時，彈性部抵頂鎖孔之側壁，且內縮至槽口，安全鉸鎖裝置卡合於鎖孔，鎖孔不外露。當操作鍵與嚙合孔嚙合，且拉動安全鉸鎖裝置脫離鎖孔時，鎖孔外露。,1.一種安全鉸鎖裝置，適用於一鎖孔，該鎖孔具有至少一側壁，該安全鉸鎖裝置包括：一殼體，於空間上對應該鎖孔，且包括一容置空間、一頂面、一底面、一嚙合孔以及至少一槽口，其中該嚙合孔嵌設於該頂面，該嚙合孔連通至該容置空間，該容置空間貫穿該底面，該至少一槽口設置於該頂面與該底面之間，且連通至該容置空間；一本體，容置於該殼體之該容置空間，且包括至少一容置座，於空間上相對於該殼體之該至少一槽口；至少一彈性件，夾設於該殼體與該本體之間，且包括一固定部以及一彈性部，其中該至少一彈性件之該固定部對應容置於該至少一容置座，該彈性部透過對應之該至少一槽口部份凸伸外露於該殼體之外；以及一操作鍵，具有一嚙合部，於空間上相對於該殼體之該嚙合孔，其中該嚙合部組配與該嚙合孔相互嚙合，俾利該操作鍵拉動該殼體，使該安全鉸鎖裝置相對該鎖孔位移；其中該殼體置入該鎖孔時，該至少一彈性件之該彈性部抵頂該鎖孔之該至少一側壁，該彈性部內縮至該至少一槽口，俾使該安全鉸鎖裝置卡合於該鎖孔內，且該鎖孔不外露，其中該操作鍵之該嚙合部與該殼體之該嚙合孔彼此嚙合，且該操作鍵拉動該安全鉸鎖裝置脫離該鎖孔時，該至少一彈性件之該彈性部脫離該至少一側壁，俾使該鎖孔外露。
H05K 7/18(2006.01),一種鎖合結構與電子裝置，包括：第一連接件，設置有第一腔體及位於第一腔體內之第一凸出部；第二連接件，設置有第二腔體及位於第二腔體內之第二凸出部；鎖固件，滑動地設置於第二腔體內，其壁上設置有緊固槽，緊固槽相對之兩個槽壁分別抵接於第一凸出部與第二凸出部相背之兩側；滑動件，滑動地設置於第一腔體內，抵接於鎖固 件上；滑動件設置有卡槽；卡持件，設置於第一連接件上，且設置有扣合部，扣合部卡入或脫離卡槽。該鎖合結構僅需使用者按壓滑動件即可將第一連接件與第二連接件鎖合，鎖合結構之結構簡單，安裝、操作方便。,1.一種鎖合結構，包括：第一連接件，設置有第一腔體及位於所述第一腔體內之第一凸出部；第二連接件，設置有第二腔體及位於所述第二腔體內之第二凸出部；鎖固件，滑動地設置於所述第二腔體內，且能夠伸入所述第一腔體內；所述鎖固件之周壁上設置有緊固槽，所述緊固槽上相對之兩個槽壁分別能夠抵接於所述第一凸出部與所述第二凸出部相背之兩側；滑動件，滑動地設置於所述第一腔體內，且其一端能夠伸入所述第二腔體內並抵接於所述鎖固件上，以驅使所述鎖固件朝向所述第一凸出部與所述第二凸出部移動；所述滑動件上設置有卡槽；卡持件，設置於所述第一連接件上，且設置有扣合部，所述扣合部能夠卡入或脫離所述卡槽。
F16B 17/00(2006.01),一種用於珠寶元件之小型聯接器，包括一公聯接器及一母聯接器，各為毫米尺寸或次毫米尺寸，連接到或配合連接到一各別珠寶零件。該公聯接器具有一閉鎖構件，配置通過進入該母聯接器內部的ㄧ開口插入該母聯接器。一彈性偏壓卡扣連接件位於該母聯接器內，以此結構，當該閉鎖構件被插入該母聯接器時，卡扣連接件先移動，接著由該卡扣連接件固定。該母聯接器中的一致動銷被配置以移動該卡扣連接件以釋放該閉鎖構件，藉此使該公、母聯接器彼此脫離。該致動銷有一外表面，可在該母聯接器的一外表面。,1.一種用於珠寶元件之小型聯接器，包含：一公聯接器及一母聯接器，各為毫米尺寸或次毫米尺寸，各自附接到一珠寶零件；該公聯接器具有一閉鎖構件，配置為可通過一開口插入該母聯接器的一內部；一連接件，係位於該母聯接器的內部，當該閉鎖構件插入該母聯接器時，該連接件先移動，接著由該連接件固定；以及一致動銷，位於該母聯接器內，配置而移動該連接件以釋放該閉鎖構件，藉此使該公聯接器、該母聯接器相互脫離，該致動銷具有一外表面而位在該母聯接器的一外表面，該致動銷的該外表面被配置致動以移動該連接件。
F16B 45/00(2006.01),錨固點部件包括下部件2連帶用於將錨固點部件1連接在物體上的連接元件4，並且包括相對於上部件2圍繞連接元件4的縱軸線可旋轉的上部件3，其具有用於連接錨固件或縛固件的連接件8，上部件3可沿軸向相對於下部件2逆向於複位彈簧10的複位力移位，在第一位置中上部件3相對於下部件2可自由旋轉，並且在第二位置中上部件3轉矩配合地作用在連接元件4上，該連接元件4具有沿徑向突伸的支撐盤6，並且上部件3具有在該支撐盤6的徑向側面上支撐該支撐盤6的支撐盤支撐部9，連接元件4具有旋轉同步輪廓13且上部件3具有與其適配的旋轉同步輪廓19，其能通過上部件3從其第一位置至第二位置的軸向移位而與連接元件4的旋轉同步輪廓咬合。,1.一種錨固點部件，其包括下部件(2、2.1)，該下部件帶有用於將錨固點部件(1、1.1)連接在需與該錨固點部件固定的或需操縱的物體上的連接元件(4、24)，並且該錨固點部件包括相對於該下部件(2、2.1)能夠圍繞該連接元件(4、24)的縱軸線旋轉的上部件(3、3.1)，該上部件(3、3.1)具有用於連接錨固件或縛固件的連接件(8、8.1)，該上部件(3、3.1)能夠沿軸向相對於該下部件(2、2.1)逆向於一複位彈簧(10)或一複位彈簧裝置的複位力移位，其中在一第一位置中該上部件(3、3.1)相對於該下部件(2、2.1)能夠自由旋轉，並且在一第二位置中該上部件(3、3.1)轉矩配合地作用在該連接元件(4、24)上，其中，該連接元件(4、24)具有沿徑向突伸的一支撐盤(6、6.1)，並且該上部件(3、3.1)具有在該支撐盤(6、6.1)的徑向側面上支撐該支撐盤(6、6.1)的支撐盤支撐部(9)，並且其中，該連接元件(4、24)具有外側的、沿該連接元件的桿部(5)的方向與該支撐盤(6、6.1)間隔佈置的旋轉同步輪廓(13、13.1)，並且該上部件(3、3.1)具有與該旋轉同步輪廓適配的旋轉同步輪廓(19)，該上部件的該互補旋轉同步輪廓(19)能通過該上部件(3、3.1)從其第一位置至其第二位置的軸向移位而與該連接元件(4、24)的旋轉同步輪廓咬合。
B01D 35/04(2006.01),公開了一種過濾器附件，該過濾器附件與水龍頭或其他容器可拆卸地連接。該附件包括柔性罩，該柔性罩將過濾器保持在容器上，並且如果水龍頭的水壓高於預定閾值，則該柔性罩用作卸壓機構。另一個柔性罩可以位於附件的相對側，以允許可倒轉使用和透過反沖洗進行清潔。附件還可以包括位於一側上的可拆卸帽，該可拆卸帽包括柔性罩，並且以可拆卸的方式連接至附件的其餘部分，從而允許其他配件連接至附件。,1.一種過濾器附件，具有第一端和與所述第一端相對的第二端，所述過濾器附件包括：過濾器，其過濾液體並且包括位於所述第一端的第一柔性罩，所述第一柔性罩形成第一孔；帽，其可拆卸地連接至所述過濾器，並且具有位於所述第二端的第二柔性罩，所述第二柔性罩形成第二孔；及連接件，其與所述第一柔性罩相對地與所述過濾器成一體或連接至所述過濾器，所述連接件提供了用於使所述過濾器連接至所述帽的機構。
F16B 1/02(2006.01),"閉合裝置(1, 1A-1D)包含具有本體(20)之第一閉合零件(2, 2A-2D)、及第二閉合零件(3, 3A-3D)。處於閉合位置中的鎖定元件(23)及嚙合部分(310)係以使得第一閉合零件(2, 2A-2D)及第二閉合零件(3, 3A-3D)鎖定至彼此之方式相互嚙合。本文前提是第一閉合零件(2, 2A-2D)具有第一磁性安裝件(22)，且第二閉合零件(3, 3A-3D)具有第二磁性安裝件(32)，當將第一閉合零件(2, 2A-2D)及第二閉合零件(3, 3A-3D)彼此抵靠而設置時，該第一磁性安裝件(22)及該第二磁性安裝件(32)以磁性吸引的方式相互作用。以使得在與至少一嚙合部分(310)嚙合的方向中經由第一磁性安裝件(22)及/或第二磁性安裝件(32)於閉合位置中載入至少一鎖定元件(23)之方式，磁性地建構至少一鎖定元件(23)，其中第一閉合零件(2, 2A-2D)具有調整零件(21)，調整零件係可藉由旋轉操作元件(24)而在啟動方向(B)中啟動，以便將至少一鎖定元件(23)帶至由至少一嚙合部分(310)脫離，以使第一閉合零件(2, 2A-2D)及第二閉合零件(3, 3A-3D)彼此釋放。","1.一種閉合裝置(1,1A-1D)，具有第一閉合零件(2,2A-2D)，其具有本體(20)，及第二閉合零件(3,3A-3D)，該第一閉合零件(2,2A-2D)及該第二閉合零件(3,3A-3D)用於閉合該閉合裝置(1,1A-1D)，並能夠沿著閉合方向(X)且在彼此連接的閉合位置中彼此抵靠而設置；及至少一鎖定元件(23)，其係可關於該第一閉合零件(2,2A-2D)之本體(20)調整的；及至少一嚙合部分(310)，其係在該第二閉合零件(3,3A-3D)上塑形，其中以使得該第一閉合零件(2,2A-2D)及該第二閉合零件(3,3A-3D)彼此鎖定之方式，處於閉合位置中的該至少一鎖定元件(23)及該至少一嚙合部分(310)彼此嚙合，其特徵在於該第一閉合零件(2,2A-2D)具有第一磁性安裝件(22)，且該第二閉合零件(3,3A-3D)具有第二磁性安裝件(32)，其中當將該第一閉合零件(2,2A-2D)及該第二閉合零件(3,3A-3D)彼此抵靠而設置時，該第一磁性安裝件(22)及該第二磁性安裝件(32)以磁性吸引之方式相互作用，且以使得在與該至少一嚙合部分(310)嚙合的方向中經由該第一磁性安裝件(22)及/或該第二磁性安裝件(32)於該閉合位置中載入該至少一鎖定元件(23)之方式，磁性地建構該至少一鎖定元件(23)，其中該第一閉合零件(2,2A-2D)具有調整零件(21)及操作元件(24)，該操作元件可操作地連接至該調整零件(21)且係可繞著著旋轉軸線(D)旋轉，其中藉由旋轉該操作元件(24)，該調整零件(21)係可在啟動方向(B)中啟動的，以便將該至少一鎖定元件(23)由該至少一嚙合部分(310)脫離，以使該第一閉合零件(2,2A-2D)及該第二閉合零件(3,3A-3D)彼此釋放。"
F16B 45/02(2006.01),本發明提供一種安全鉤環，其包括一鉤狀元件、一顏色偵測模組及一無線信號傳輸模組。鉤狀元件包括一本體部與一轉折部，該轉折部具有一容置空間，該容置空間用以容置一安全繩；顏色偵測模組用以偵測該容置空間中的一指定顏色，以產生一顏色信號；以及無線信號傳輸模組，用以將一偵測結果無線傳輸至一外部裝置，該偵測結果關聯於該顏色信號。,1.一種安全鉤環，包括：一鉤狀元件，包括一本體部與一轉折部，該轉折部具有一容置空間，該容置空間用以容置一安全繩；一顏色偵測模組，用以偵測該容置空間中的一指定顏色，以產生一顏色信號；以及一無線信號傳輸模組，用以將一偵測結果無線傳輸至一外部裝置，該偵測結果關聯於該顏色信號。
F16B 45/00(2006.01),本發明涉及一種錨固環，其具有下部件2與相對於該下部件2能旋轉的旋轉件6，所述下部件2具有用於將錨固環1連接到待操縱或待固定的物體上的裝置，轉環3以連接在每個臂部10、10.1上的支承銷相對於旋轉件6能樞轉地掛在旋轉件中，所述支承銷分別嵌接在旋轉件6的支承凹空13中。所述轉環3相對於所述旋轉件6的通過支承銷12、12.1及其在所述旋轉件6的支承凹空13中的嵌接定義的樞轉軸線與所述轉環的在轉環3的平面內延伸的縱向中間平面交叉。,1.一種錨固環，具有下部件(2)與相對於該下部件(2)能旋轉的旋轉件(6)，該下部件(2)具有用於將錨固環(1)連接到待操縱或待固定的物體上的裝置，轉環(3)以連接在每個臂部(10、10.1)上的支承銷(12、12.1)相對於該旋轉件(6)能樞轉地掛在該旋轉件(6)中，該支承銷(12、12.1)分別嵌接在該旋轉件(6)的支承凹空(13、13.1)中，其特徵在於，該轉環(3)相對於該旋轉件(6)的通過該支承銷(12、12.1)與支承銷(12、12.1)在該旋轉件(6)的支承凹空(13、13.1)中的嵌接定義的樞轉軸線(S)與該轉環(3)的在轉環(3)的平面內延伸的縱向中間平面(M)交叉。
E04B 1/21(2006.01),本發明可調整角度之樑柱組合結構包含一第一連接件以及一第二連接件，各連接件皆設有一上板部、一下板部以及一連接上板部與下板部之橫板部；其中，第二連接件在橫板部與下板部的鄰接處設有一長孔，用於供第一連接件之上板部穿設，使二連接件在與樑與柱結合時，第一連接件的橫板部可以疊置於第二連接件橫板部的下方，形成剪力的夾合固定。,1.一種可調整角度之樑柱組合結構，用以連接一樑與一柱，而該可調整角度之樑柱組合結構包含：一第一連接件以及一第二連接件；而該第一連接件包含：一上板部，來與該樑連接；一下板部，用來與該柱連接；以及一橫板部，連接該上板部與該下板部；其中，該上板部設有至少一連接孔；該下板部設有一固定孔以及一調整孔，該調整孔以該固定孔為圓心呈弧形且設於該固定孔的一側；該橫板部係設置於該上板部的下緣與該下板部的上緣，使該上板部與該下板部分別連接於該橫板部的相對兩側；而該第二連接件包含：一上板部，來與該樑連接；一下板部，用來與該柱連接；一橫板部，連接該上板部與該下板部；其中，該上板部設有至少一連接孔，該下板部設有一固定孔以及一調整孔，該調整孔以該固定孔為圓心呈弧形且設於該固定孔的一側，該橫板部係設置於該上板部的下緣與該下板部的上緣，用於連接該上板部與該下板部，使該上板部與該下板部分別連接於該橫板部的相對兩側，而該橫板部與該下板部的鄰接處係設有一長孔，可供該第一連接件之上板部穿設。
F16B 9/00(2006.01),本發明可調整角度之樑柱組合結構包含有：二連接件，各連接件二連接件，各連接件包含有：一上板部，來與一樑連接；一下板部，用來與一柱連接；一橫板部，連接上板部與下板部；其中，該上板部設有複數的連接孔，下板部設有一固定孔以及一調整孔，調整孔以固定孔為圓心呈弧形設於固定孔的一側，橫板部係設置於上板部的下緣與下板部的上緣，使上板部與下板部分別連接於橫板部的相對兩側。,1.一種可調整角度之樑柱組合結構，於用連接一樑與一柱，該可調整角度之樑柱組合結構包含二連接件，而任一連接件係包含：一上板部，來與該樑連接；一下板部，用來與該柱連接；以及一橫板部，連接該上板部與該下板部；其中，該上板部設有至少一連接孔，該下板部設有一固定孔以及一調整孔，該調整孔以該固定孔為圓心呈弧形設於該固定孔的一側，該橫板部係設置於該上板部的下緣與該下板部的上緣，使該上板部與該下板部分別連接於該橫板部的相對兩側。
F16B 7/22(2006.01),本發明提供一種異質管材之連接結構，主要包含有一第一金屬管體、一第二金屬管體、一連接件、一連接空間及一第一非金屬管體，該第一金屬管體一端設置有一第一結合段；該第二金屬管體設於該第一金屬管體之該第一結合段的外側壁，內側壁並形成一第一卡固單元；該連接件將該第二金屬管體一端連接於該第一金屬管體之該第一結合段上，並與該第一金屬管體及該第二金屬管體形成該容置空間；該第一非金屬管體一端具有一第二結合段容置於該容置空間，且外側壁對應形塑而具一第二卡固單元；該第二卡固單元與該第一卡固單元相互卡合限位固定，增加異質管材之連接結構的抗拉性。,1.一種異質管材之連接結構，其包含有：一第一金屬管體，至少一端設置有一第一結合段，該第一結合段之外側壁直徑為一第一直徑；一第二金屬管體，設置於該第一金屬管體之該第一結合段的外側壁，該第二金屬管體之外側壁直徑為一第二直徑，而該第二金屬管體之內側壁並形成有一第一卡固單元；一連接件，連接該第二金屬管體之一端於該第一金屬管體之該第一結合段上，其中，該第一金屬管體之該第一結合段的外側壁、該第二金屬管體之內側壁與該連接件形成一容置空間，該容置空間於該第二金屬管體結合該連接件之另端形成一開口；以及一第一非金屬管體，至少一端設置有一容置於該容置空間之第二結合段，其中，該第一非金屬管體於該第二結合段容置在該容置空間之外側壁形塑而具一第二卡固單元；其中，該第二卡固單元與該第一卡固單元相互卡合限位固定；其中，該第一結合段之長度大於該第二結合段之長度。
F16B 7/08(2006.01),一種桿件連接裝置包括一第一連接件及一第二連接件。該第一連接件包括一第一桿件連接端及一第一榫接端相反於該第一桿件連接端，其中該第一榫接端包括一尖頭舌部及一頸部。該第二連接件包括一第二桿件連接端及一第二榫接端相反於該第二桿件連接端，該第二榫接端係對應於該第一榫接端彼此對應榫接，且該第二榫接端包括一尖底槽部及一枕部，其中該尖頭舌部係對應設置於該尖底槽部內，而該頸部係對應設置於該枕部。一種包括有上述桿件連接裝置的自行車架及協力車架亦在此提供。,1.一種桿件連接裝置，包括：一第一連接件，包括一第一桿件連接端及一第一榫接端相反於該第一桿件連接端，其中該第一榫接端包括一尖頭舌部及一頸部；以及一第二連接件，包括一第二桿件連接端及一第二榫接端相反於該第二桿件連接端，該第二榫接端係對應於該第一榫接端彼此對應榫接，且該第二榫接端包括一尖底槽部及一枕部，其中該尖頭舌部係對應設置於該尖底槽部內，而該頸部係對應設置於該枕部。
F16B 1/04(2006.01),一種快拆機構，用以解決習知可拆裝結構複雜，步驟繁瑣造成使用者不便的問題。係包含：一第一連接件，具有一結合部及一穿伸孔；及一第二連接件，具有一卡合部及一穿伸部，該穿伸部穿伸於該第一連接件之穿伸孔，使該卡合部卡合該結合部，該穿伸部具有一限位槽，一限位件具有一限位部，該限位件可突伸或縮入地樞接於該限位槽以使該限位部朝該卡合部進行位移或遠離該卡合部。,1.一種快拆機構，包含：一第一連接件，具有一結合部及一穿伸孔；及一第二連接件，具有一卡合部及一穿伸部，該穿伸部穿伸於該第一連接件之穿伸孔，使該卡合部卡合該結合部，該穿伸部具有一限位槽，一限位件具有一限位部，該限位件可突伸或縮入地樞接於該限位槽以使該限位部朝該卡合部進行位移或遠離該卡合部。
B62M 25/08(2006.01),一種用以控制變速器以及相關車輛、機器、設備等的系統和方法。在一種情況下，變速器控制系統包括控制單元，配置成使用感測之車輛速度以及指定之目標恒定輸入速度，來保持輸入速度實質上恒定。此系統包括一或多個映像，其將變速器的速度比與車輛速度相關聯。在一實施例中，這樣的一種映像將編碼器位置與車輛速度相關聯。就具體應用而言，實現了一種自動自行車變速器換檔系統。一種範例性自動自行車包括控制單元、換檔致動器、各種感測器以及用戶介面。控制單元配置成協同邏輯模組和致動器控制器來控制騎手的節奏。在一實施例中，控制單元的記憶體或與控制單元通訊的記憶體包括一或多個恒定節奏映像，其將變速器速度比與自行車速度相關聯。 ,1.一種控制自行車的球行星無段變速器的方法，所述球行星無段變速器具有多個球，各該球可對一可傾斜軸旋轉，該可傾斜軸的角度定義速度比，所述方法包括以下步驟：從用戶接收與目標用戶踩踏速度相關的輸入；確定與當前用戶踩踏速度相關的當前速度比；以及傾斜該球行星無段變速器的該些球的所述傾斜軸的所述角度，以將該球行星無段變速器的該當前速度比調整成目標速度比。
H02K 41/02(2006.01),本發明係一種直線運動線性模組及應用該直線運動線性模組的位置控制伺服系統，該直線運動線性模組包括一槽型鋼體，其內側壁設置有導引槽；一動子座，置於該槽型鋼體的槽內，其兩側表面設有配合該導引槽的導引結構；一動子塊，包括多相無鐵芯線圈繞組，其設置於該動子座下方，由電機驅動器控制連接；以及一定子塊，?永磁體，其於該槽型鋼體的槽內底面沿導引槽或導引凸軌的方向間隔貼置。透過將動子塊的繞組通電，?生沿直線前進的行波磁場，令動子塊配合動子座在導引槽導引下做直線運動，以解?線性模組應用的運行精度、速度、模組尺寸、成本等方面的問題。,1.一種直線運動線性模組，包括：一槽型鋼體，其內側壁上設置有至少一直線向的導引槽或導引凸軌；一動子座，係於該槽型鋼體上往復運動，且設置於該槽型鋼體的槽內，該動子座兩側表面設有配合該槽型鋼體的導引槽或導引凸軌的導引結構；一動子塊，係包括多相無鐵芯線圈繞組或帶有高導磁率鐵芯的多相線圈繞組，該動子塊設置於該動子座下方，由一電機驅動器控制連接；以及一定子塊，係與該動子塊相互配合以驅動該動子座運動，且該定子塊?永磁體，該定子塊於該槽型鋼體的槽內底面沿導引槽或導引凸軌的延伸方向間隔貼置，並與該動子塊之間留有間隙。
